,cal_quarter,PROCODE,standard_los
1,Q1   2018,R0A,7.491182067
2,Q1   2018,R1F,8.940387511
3,Q1   2018,R1H,6.227161717
4,Q1   2018,R1K,7.018025217
5,Q1   2018,RA2,5.70498439
6,Q1   2018,RA4,6.766880356
7,Q1   2018,RA7,6.314429201
8,Q1   2018,RA9,5.68356773
9,Q1   2018,RAE,5.089650105
10,Q1   2018,RAJ,5.461457425
11,Q1   2018,RAL,6.456517737
12,Q1   2018,RAP,6.507376237
13,Q1   2018,RAS,6.80632155
14,Q1   2018,RAX,5.926573417
15,Q1   2018,RBK,6.65476316
16,Q1   2018,RBL,9.121627429
17,Q1   2018,RBN,6.416193987
18,Q1   2018,RBT,7.121591055
19,Q1   2018,RBZ,5.668336144
20,Q1   2018,RC9,6.52218736
21,Q1   2018,RCB,6.987004372
22,Q1   2018,RCD,6.722183243
23,Q1   2018,RCF,6.260925577
24,Q1   2018,RCX,5.996431896
25,Q1   2018,RD1,6.697465101
26,Q1   2018,RD8,6.969186411
27,Q1   2018,RDE,5.823774962
28,Q1   2018,RDU,6.61180703
29,Q1   2018,REF,6.118371192
30,Q1   2018,REM,6.812395366
31,Q1   2018,RF4,6.785218366
32,Q1   2018,RFF,5.424411194
33,Q1   2018,RFR,5.35857378
34,Q1   2018,RFS,5.770930343
35,Q1   2018,RGN,6.037212685
36,Q1   2018,RGP,7.297808837
37,Q1   2018,RGR,6.415261974
38,Q1   2018,RGT,7.559210982
39,Q1   2018,RH5,37.29122859
40,Q1   2018,RH8,6.782729897
41,Q1   2018,RHM,7.458807415
42,Q1   2018,RHQ,7.12622664
43,Q1   2018,RHU,7.720551774
44,Q1   2018,RHW,6.477285172
45,Q1   2018,RJ1,5.754192404
46,Q1   2018,RJ2,7.6271914
47,Q1   2018,RJ6,6.882347884
48,Q1   2018,RJ7,6.64831187
49,Q1   2018,RJC,7.348060803
50,Q1   2018,RJE,7.324691048
51,Q1   2018,RJL,6.653812973
52,Q1   2018,RJN,8.003286874
53,Q1   2018,RJR,8.105366186
54,Q1   2018,RJZ,7.830142395
55,Q1   2018,RK5,6.89291063
56,Q1   2018,RK9,6.652356901
57,Q1   2018,RKB,6.958826728
58,Q1   2018,RKE,6.885860639
59,Q1   2018,RL4,7.772201498
60,Q1   2018,RLQ,7.090267751
61,Q1   2018,RLT,7.809665479
62,Q1   2018,RM1,5.856526925
63,Q1   2018,RM3,8.001826271
64,Q1   2018,RMC,6.278335231
65,Q1   2018,RMP,7.38070698
66,Q1   2018,RN3,5.992189511
67,Q1   2018,RN5,7.040322937
68,Q1   2018,RN7,7.253927998
69,Q1   2018,RNA,6.650071104
70,Q1   2018,RNN,27.5313293
71,Q1   2018,RNQ,7.914623336
72,Q1   2018,RNS,7.993529831
73,Q1   2018,RNZ,7.084164797
74,Q1   2018,RP5,5.992781052
75,Q1   2018,RPA,6.246989201
76,Q1   2018,RQM,5.951313568
77,Q1   2018,RQW,7.262084836
78,Q1   2018,RQX,6.298136786
79,Q1   2018,RR7,7.157037834
80,Q1   2018,RR8,8.403443416
81,Q1   2018,RRF,5.280298256
82,Q1   2018,RRK,7.269120592
83,Q1   2018,RRV,6.595924159
84,Q1   2018,RTD,7.014147174
85,Q1   2018,RTE,5.780958988
86,Q1   2018,RTF,6.545449672
87,Q1   2018,RTG,6.082029077
88,Q1   2018,RTH,5.860294491
89,Q1   2018,RTK,6.003039443
90,Q1   2018,RTP,7.491686444
91,Q1   2018,RTR,6.300307418
92,Q1   2018,RTX,7.056867756
93,Q1   2018,RVJ,6.873993806
94,Q1   2018,RVR,6.697116396
95,Q1   2018,RVV,6.181676277
96,Q1   2018,RVW,6.176306061
97,Q1   2018,RVY,7.119712029
98,Q1   2018,RWA,6.007109565
99,Q1   2018,RWD,6.723813583
100,Q1   2018,RWE,6.566419341
101,Q1   2018,RWF,6.629888432
102,Q1   2018,RWG,7.018599975
103,Q1   2018,RWH,6.078278273
104,Q1   2018,RWJ,7.013990461
105,Q1   2018,RWP,6.42596003
106,Q1   2018,RWW,6.950761275
107,Q1   2018,RWY,6.17770726
108,Q1   2018,RX1,6.846843724
109,Q1   2018,RXC,7.359545028
110,Q1   2018,RXF,6.758660655
111,Q1   2018,RXK,6.489579175
112,Q1   2018,RXL,8.266413226
113,Q1   2018,RXN,7.380497825
114,Q1   2018,RXP,6.346477422
115,Q1   2018,RXQ,7.615183564
116,Q1   2018,RXR,6.673817793
117,Q1   2018,RXW,6.390413069
118,Q1   2018,RYJ,7.189137675
119,Q1   2018,RYR,7.490486858
120,Q1   2019,R0A,7.311651624
121,Q1   2019,R1F,9.18422734
122,Q1   2019,R1H,6.508364115
123,Q1   2019,R1K,6.907367873
124,Q1   2019,RA2,5.588630484
125,Q1   2019,RA4,6.223374765
126,Q1   2019,RA7,5.936269362
127,Q1   2019,RA9,5.879198543
128,Q1   2019,RAE,5.006403724
129,Q1   2019,RAJ,5.385967356
130,Q1   2019,RAL,6.284640807
131,Q1   2019,RAP,6.427321428
132,Q1   2019,RAS,6.184456298
133,Q1   2019,RAX,5.212020273
134,Q1   2019,RBK,6.535375975
135,Q1   2019,RBL,7.021746388
136,Q1   2019,RBN,6.053395742
137,Q1   2019,RBT,7.15068765
138,Q1   2019,RBZ,5.519185463
139,Q1   2019,RC9,5.784213619
140,Q1   2019,RCB,7.048955835
141,Q1   2019,RCD,6.24433477
142,Q1   2019,RCF,6.852017782
143,Q1   2019,RCX,5.912744717
144,Q1   2019,RD1,6.295785057
145,Q1   2019,RD8,6.766190548
146,Q1   2019,RDE,6.214906828
147,Q1   2019,RDU,6.064531521
148,Q1   2019,REF,5.592204213
149,Q1   2019,REM,6.527004265
150,Q1   2019,RF4,6.997754778
151,Q1   2019,RFF,4.890222733
152,Q1   2019,RFR,5.563938426
153,Q1   2019,RFS,5.996300071
154,Q1   2019,RGN,6.111870924
155,Q1   2019,RGP,7.253824751
156,Q1   2019,RGR,6.345394752
157,Q1   2019,RGT,6.862032186
158,Q1   2019,RH5,40.76293539
159,Q1   2019,RH8,6.616686315
160,Q1   2019,RHM,7.02517989
161,Q1   2019,RHQ,6.577053551
162,Q1   2019,RHU,7.186836748
163,Q1   2019,RHW,6.412050728
164,Q1   2019,RJ1,5.344089442
165,Q1   2019,RJ2,7.399425164
166,Q1   2019,RJ6,7.052693269
167,Q1   2019,RJ7,6.468514676
168,Q1   2019,RJC,6.19600149
169,Q1   2019,RJE,6.382085929
170,Q1   2019,RJL,6.590432943
171,Q1   2019,RJN,7.528327407
172,Q1   2019,RJR,7.696941171
173,Q1   2019,RJZ,7.218199704
174,Q1   2019,RK5,6.574318671
175,Q1   2019,RK9,6.043914235
176,Q1   2019,RKB,6.743054494
177,Q1   2019,RKE,6.627656979
178,Q1   2019,RL4,7.379331616
179,Q1   2019,RLQ,6.26811753
180,Q1   2019,RLT,6.771776097
181,Q1   2019,RM1,5.898558684
182,Q1   2019,RM3,8.408305501
183,Q1   2019,RMC,5.90816252
184,Q1   2019,RMP,6.632544052
185,Q1   2019,RN3,5.923148178
186,Q1   2019,RN5,6.419875277
187,Q1   2019,RN7,6.896855317
188,Q1   2019,RNA,6.578521513
189,Q1   2019,RNN,40.30772294
190,Q1   2019,RNQ,6.875975892
191,Q1   2019,RNS,7.074853538
192,Q1   2019,RNZ,7.02813989
193,Q1   2019,RP5,5.849430883
194,Q1   2019,RPA,6.622792237
195,Q1   2019,RQM,6.031278146
196,Q1   2019,RQW,6.795850047
197,Q1   2019,RQX,6.043277049
198,Q1   2019,RR7,7.236527041
199,Q1   2019,RR8,7.966844966
200,Q1   2019,RRF,4.924599247
201,Q1   2019,RRK,6.589408338
202,Q1   2019,RRV,6.790190757
203,Q1   2019,RTD,6.471953112
204,Q1   2019,RTE,5.739710575
205,Q1   2019,RTF,6.203916944
206,Q1   2019,RTG,6.231380819
207,Q1   2019,RTH,5.268912225
208,Q1   2019,RTK,5.972809956
209,Q1   2019,RTP,7.390572369
210,Q1   2019,RTR,6.234924939
211,Q1   2019,RTX,7.034643589
212,Q1   2019,RVJ,6.517438439
213,Q1   2019,RVR,6.494593561
214,Q1   2019,RVV,6.17756115
215,Q1   2019,RVW,5.326048463
216,Q1   2019,RVY,6.430809798
217,Q1   2019,RWA,5.865894913
218,Q1   2019,RWD,6.503801558
219,Q1   2019,RWE,5.810739608
220,Q1   2019,RWF,5.912359746
221,Q1   2019,RWG,6.353271042
222,Q1   2019,RWH,5.331950501
223,Q1   2019,RWJ,6.764763788
224,Q1   2019,RWP,6.235716657
225,Q1   2019,RWW,6.73894725
226,Q1   2019,RWY,5.368216433
227,Q1   2019,RX1,6.405496548
228,Q1   2019,RXC,6.888489065
229,Q1   2019,RXF,6.319659766
230,Q1   2019,RXK,5.419474051
231,Q1   2019,RXL,7.760694056
232,Q1   2019,RXN,7.008291286
233,Q1   2019,RXP,5.958211042
234,Q1   2019,RXQ,7.255831962
235,Q1   2019,RXR,6.616376252
236,Q1   2019,RXW,5.616650667
237,Q1   2019,RYJ,6.858769163
238,Q1   2019,RYR,6.891778678
239,Q1   2020,R0A,8.032129761
240,Q1   2020,R0B,7.090790667
241,Q1   2020,R1F,9.131307295
242,Q1   2020,R1H,6.710124985
243,Q1   2020,R1K,7.439205806
244,Q1   2020,RA2,5.689148945
245,Q1   2020,RA4,6.719805683
246,Q1   2020,RA7,6.451226979
247,Q1   2020,RA9,6.292765366
248,Q1   2020,RAE,5.483546315
249,Q1   2020,RAJ,5.890729794
250,Q1   2020,RAL,7.126397206
251,Q1   2020,RAP,7.445638992
252,Q1   2020,RAS,6.862095453
253,Q1   2020,RAX,6.295017773
254,Q1   2020,RBK,6.843677319
255,Q1   2020,RBL,8.475579345
256,Q1   2020,RBN,6.375491454
257,Q1   2020,RBT,7.082927812
258,Q1   2020,RBZ,5.715156358
259,Q1   2020,RC9,6.291059649
260,Q1   2020,RCB,6.815642318
261,Q1   2020,RCD,6.988266561
262,Q1   2020,RCF,7.201280505
263,Q1   2020,RCX,6.474042066
264,Q1   2020,RD1,6.40537778
265,Q1   2020,RD8,7.403008913
266,Q1   2020,RDE,6.597781686
267,Q1   2020,RDU,6.631405031
268,Q1   2020,REF,5.737692712
269,Q1   2020,REM,7.21396748
270,Q1   2020,RF4,7.30641256
271,Q1   2020,RFF,5.216330866
272,Q1   2020,RFR,6.183638747
273,Q1   2020,RFS,6.5009073
274,Q1   2020,RGN,6.992174549
275,Q1   2020,RGP,7.836081478
276,Q1   2020,RGR,7.04846291
277,Q1   2020,RGT,8.041426207
278,Q1   2020,RH5,45.33284153
279,Q1   2020,RH8,7.177414737
280,Q1   2020,RHM,7.17454337
281,Q1   2020,RHQ,6.717984567
282,Q1   2020,RHU,6.911890859
283,Q1   2020,RHW,6.468824906
284,Q1   2020,RJ1,5.870392539
285,Q1   2020,RJ2,7.467429968
286,Q1   2020,RJ6,7.692321006
287,Q1   2020,RJ7,7.797868225
288,Q1   2020,RJC,7.049191592
289,Q1   2020,RJE,6.876031381
290,Q1   2020,RJL,6.918668512
291,Q1   2020,RJN,9.011975616
292,Q1   2020,RJR,8.326497955
293,Q1   2020,RJZ,8.070349766
294,Q1   2020,RK5,6.108415283
295,Q1   2020,RK9,6.88824119
296,Q1   2020,RKB,7.367162646
297,Q1   2020,RKE,6.925683597
298,Q1   2020,RL4,7.682147412
299,Q1   2020,RLQ,6.62127598
300,Q1   2020,RLT,7.209141314
301,Q1   2020,RM1,6.396954063
302,Q1   2020,RM3,9.407650906
303,Q1   2020,RMC,6.729458285
304,Q1   2020,RMP,6.461869935
305,Q1   2020,RN3,6.711914477
306,Q1   2020,RN5,7.122212873
307,Q1   2020,RN7,6.573026581
308,Q1   2020,RNA,6.724800386
309,Q1   2020,RNN,8.487657859
310,Q1   2020,RNQ,7.923148568
311,Q1   2020,RNS,7.489212988
312,Q1   2020,RNZ,8.119582889
313,Q1   2020,RP5,6.151059959
314,Q1   2020,RPA,7.0574813
315,Q1   2020,RQM,6.184029303
316,Q1   2020,RQW,6.981993175
317,Q1   2020,RQX,6.479908907
318,Q1   2020,RR7,7.680833845
319,Q1   2020,RR8,8.278136139
320,Q1   2020,RRF,5.420777916
321,Q1   2020,RRK,6.932555132
322,Q1   2020,RRV,7.298598397
323,Q1   2020,RTD,6.799440625
324,Q1   2020,RTE,6.099106354
325,Q1   2020,RTF,6.177809023
326,Q1   2020,RTG,6.567560321
327,Q1   2020,RTH,6.011840156
328,Q1   2020,RTK,7.602107842
329,Q1   2020,RTP,7.553185005
330,Q1   2020,RTR,7.007265829
331,Q1   2020,RTX,7.259363894
332,Q1   2020,RVJ,6.936528945
333,Q1   2020,RVR,6.550436557
334,Q1   2020,RVV,6.711432444
335,Q1   2020,RVW,5.971704603
336,Q1   2020,RVY,6.722845838
337,Q1   2020,RWA,6.323451347
338,Q1   2020,RWD,6.597568
339,Q1   2020,RWE,6.203664522
340,Q1   2020,RWF,6.010166544
341,Q1   2020,RWG,6.68029088
342,Q1   2020,RWH,5.729546489
343,Q1   2020,RWJ,7.419379666
344,Q1   2020,RWP,6.071832723
345,Q1   2020,RWW,6.537451418
346,Q1   2020,RWY,5.974750489
347,Q1   2020,RX1,7.025123046
348,Q1   2020,RXC,7.287217164
349,Q1   2020,RXF,6.861850899
350,Q1   2020,RXK,6.037370615
351,Q1   2020,RXL,8.106918819
352,Q1   2020,RXN,7.928963496
353,Q1   2020,RXP,6.413872821
354,Q1   2020,RXQ,8.703726475
355,Q1   2020,RXR,6.850657816
356,Q1   2020,RXW,6.236797286
357,Q1   2020,RYJ,7.16963454
358,Q1   2020,RYR,7.229258458
359,Q1   2021,R0A,6.963826657
360,Q1   2021,R0B,6.179777748
361,Q1   2021,R0D,0
362,Q1   2021,R1F,6.886030107
363,Q1   2021,R1H,7.066223496
364,Q1   2021,R1K,6.555797608
365,Q1   2021,RA2,6.177763319
366,Q1   2021,RA4,7.435530179
367,Q1   2021,RA7,6.849605968
368,Q1   2021,RA9,5.718631541
369,Q1   2021,RAE,5.4598529
370,Q1   2021,RAJ,6.484309467
371,Q1   2021,RAL,6.8095329
372,Q1   2021,RAP,7.233614421
373,Q1   2021,RAS,5.917639613
374,Q1   2021,RAX,6.257702447
375,Q1   2021,RBK,6.009978297
376,Q1   2021,RBL,7.149852707
377,Q1   2021,RBN,6.18585347
378,Q1   2021,RBT,7.431915784
379,Q1   2021,RBZ,5.575196519
380,Q1   2021,RC9,6.425993862
381,Q1   2021,RCB,5.953430323
382,Q1   2021,RCD,6.81385463
383,Q1   2021,RCF,6.893999788
384,Q1   2021,RCX,7.504448342
385,Q1   2021,RD1,6.011120668
386,Q1   2021,RD8,6.329131785
387,Q1   2021,RDE,6.363518875
388,Q1   2021,RDU,7.041376536
389,Q1   2021,REF,5.870491068
390,Q1   2021,REM,7.535528462
391,Q1   2021,RF4,7.115816397
392,Q1   2021,RFF,5.305392799
393,Q1   2021,RFR,6.18807979
394,Q1   2021,RFS,5.1769041
395,Q1   2021,RGN,7.25910946
396,Q1   2021,RGP,8.166291734
397,Q1   2021,RGR,7.53750173
398,Q1   2021,RGT,8.297736139
399,Q1   2021,RH5,8.386633713
400,Q1   2021,RH8,7.15335089
401,Q1   2021,RHM,6.576153595
402,Q1   2021,RHQ,7.201337106
403,Q1   2021,RHU,6.972550337
404,Q1   2021,RHW,5.967113491
405,Q1   2021,RJ1,7.146650861
406,Q1   2021,RJ2,7.046129679
407,Q1   2021,RJ6,7.5756224
408,Q1   2021,RJ7,7.668466601
409,Q1   2021,RJC,6.296753615
410,Q1   2021,RJE,6.449807145
411,Q1   2021,RJL,6.298228895
412,Q1   2021,RJN,8.397745747
413,Q1   2021,RJR,8.238374171
414,Q1   2021,RJZ,8.368146432
415,Q1   2021,RK5,6.343841958
416,Q1   2021,RK9,7.014656078
417,Q1   2021,RKB,6.456393592
418,Q1   2021,RKE,6.876163652
419,Q1   2021,RL4,7.530332138
420,Q1   2021,RLQ,6.706749357
421,Q1   2021,RLT,7.435139937
422,Q1   2021,RM1,6.733141573
423,Q1   2021,RM3,8.047090654
424,Q1   2021,RMC,6.791501556
425,Q1   2021,RMP,6.320826848
426,Q1   2021,RN3,6.05345203
427,Q1   2021,RN5,5.665712617
428,Q1   2021,RN7,7.031859618
429,Q1   2021,RNA,6.889048933
430,Q1   2021,RNN,7.819376945
431,Q1   2021,RNQ,8.316708347
432,Q1   2021,RNS,6.897665676
433,Q1   2021,RNZ,8.395782389
434,Q1   2021,RP5,6.803752871
435,Q1   2021,RPA,6.589219167
436,Q1   2021,RQM,6.218053987
437,Q1   2021,RQW,7.165925618
438,Q1   2021,RQX,6.373996452
439,Q1   2021,RR7,6.472273493
440,Q1   2021,RR8,7.998960208
441,Q1   2021,RRF,5.313010715
442,Q1   2021,RRK,7.048931526
443,Q1   2021,RRV,7.450857697
444,Q1   2021,RTD,6.472411071
445,Q1   2021,RTE,6.429104431
446,Q1   2021,RTF,5.72094701
447,Q1   2021,RTG,6.621597696
448,Q1   2021,RTH,6.171784045
449,Q1   2021,RTK,6.565843578
450,Q1   2021,RTP,6.958640876
451,Q1   2021,RTR,7.03381665
452,Q1   2021,RTX,7.835598149
453,Q1   2021,RVJ,6.593648274
454,Q1   2021,RVR,7.037285841
455,Q1   2021,RVV,6.88351677
456,Q1   2021,RVW,5.675905165
457,Q1   2021,RVY,6.618734209
458,Q1   2021,RWA,6.69767627
459,Q1   2021,RWD,6.986985196
460,Q1   2021,RWE,6.485140121
461,Q1   2021,RWF,6.093495174
462,Q1   2021,RWG,6.592335143
463,Q1   2021,RWH,6.056087393
464,Q1   2021,RWJ,7.167527955
465,Q1   2021,RWP,5.99067307
466,Q1   2021,RWW,7.372471507
467,Q1   2021,RWY,5.720492075
468,Q1   2021,RX1,6.722992482
469,Q1   2021,RXC,7.646113505
470,Q1   2021,RXF,6.445313707
471,Q1   2021,RXK,6.310334216
472,Q1   2021,RXL,8.065755468
473,Q1   2021,RXN,7.440977457
474,Q1   2021,RXP,6.132489013
475,Q1   2021,RXQ,7.936345151
476,Q1   2021,RXR,7.004582881
477,Q1   2021,RXW,6.187855553
478,Q1   2021,RYJ,7.634238374
479,Q1   2021,RYR,6.797558317
480,Q1   2022,R0A,7.394851654
481,Q1   2022,R0B,6.945895854
482,Q1   2022,R0D,0
483,Q1   2022,R1F,7.148735088
484,Q1   2022,R1H,7.341967373
485,Q1   2022,R1K,6.583724497
486,Q1   2022,RA2,5.686761136
487,Q1   2022,RA4,7.481308452
488,Q1   2022,RA7,6.950634802
489,Q1   2022,RA9,7.604720812
490,Q1   2022,RAE,5.883654128
491,Q1   2022,RAJ,6.946896361
492,Q1   2022,RAL,6.872247413
493,Q1   2022,RAP,9.384939716
494,Q1   2022,RAS,6.829434692
495,Q1   2022,RAX,6.717700492
496,Q1   2022,RBK,6.189205639
497,Q1   2022,RBL,7.859677134
498,Q1   2022,RBN,6.858202013
499,Q1   2022,RBT,7.426963544
500,Q1   2022,RBZ,6.624333494
501,Q1   2022,RC9,6.192855695
502,Q1   2022,RCB,7.255286963
503,Q1   2022,RCD,7.769280984
504,Q1   2022,RCF,6.565051097
505,Q1   2022,RCX,7.050729298
506,Q1   2022,RD1,6.405052566
507,Q1   2022,RD8,7.364064338
508,Q1   2022,RDE,6.701711464
509,Q1   2022,RDU,7.557168109
510,Q1   2022,REF,7.594296534
511,Q1   2022,REM,7.754660474
512,Q1   2022,RF4,7.096746188
513,Q1   2022,RFF,5.567618535
514,Q1   2022,RFR,6.342920253
515,Q1   2022,RFS,5.944363508
516,Q1   2022,RGN,7.520679516
517,Q1   2022,RGP,8.319945775
518,Q1   2022,RGR,7.089815157
519,Q1   2022,RGT,8.334326974
520,Q1   2022,RH5,9.861613708
521,Q1   2022,RH8,7.031492861
522,Q1   2022,RHM,7.294786315
523,Q1   2022,RHQ,7.473715672
524,Q1   2022,RHU,6.479453692
525,Q1   2022,RHW,5.824831408
526,Q1   2022,RJ1,6.404924533
527,Q1   2022,RJ2,7.586903866
528,Q1   2022,RJ6,11.5997003
529,Q1   2022,RJ7,8.394649713
530,Q1   2022,RJC,6.737196093
531,Q1   2022,RJE,6.894895467
532,Q1   2022,RJL,6.41529231
533,Q1   2022,RJN,10.12516543
534,Q1   2022,RJR,8.874626078
535,Q1   2022,RJZ,8.409314181
536,Q1   2022,RK5,7.008111617
537,Q1   2022,RK9,9.221415922
538,Q1   2022,RKB,6.719612629
539,Q1   2022,RKE,7.78612026
540,Q1   2022,RL4,7.109715471
541,Q1   2022,RLQ,7.481646736
542,Q1   2022,RLT,7.776011727
543,Q1   2022,RM1,7.36033679
544,Q1   2022,RM3,7.908345593
545,Q1   2022,RMC,7.009712401
546,Q1   2022,RMP,7.479826523
547,Q1   2022,RN3,6.736441793
548,Q1   2022,RN5,6.29207183
549,Q1   2022,RN7,7.038137032
550,Q1   2022,RNA,7.194828887
551,Q1   2022,RNN,8.318174019
552,Q1   2022,RNQ,8.18639461
553,Q1   2022,RNS,7.47139325
554,Q1   2022,RNZ,8.246291376
555,Q1   2022,RP5,7.298150729
556,Q1   2022,RPA,7.171117685
557,Q1   2022,RQM,6.305635786
558,Q1   2022,RQW,7.406420254
559,Q1   2022,RQX,6.19565758
560,Q1   2022,RR7,7.984578494
561,Q1   2022,RR8,7.969884645
562,Q1   2022,RRF,6.376416312
563,Q1   2022,RRK,6.768099377
564,Q1   2022,RRV,8.519543956
565,Q1   2022,RTD,6.361305697
566,Q1   2022,RTE,7.378097564
567,Q1   2022,RTF,5.980536845
568,Q1   2022,RTG,6.818851721
569,Q1   2022,RTH,6.523028627
570,Q1   2022,RTK,6.755598946
571,Q1   2022,RTP,7.452722907
572,Q1   2022,RTR,6.82183304
573,Q1   2022,RTX,8.076177045
574,Q1   2022,RVJ,7.255448836
575,Q1   2022,RVR,6.785948259
576,Q1   2022,RVV,6.817630371
577,Q1   2022,RVW,5.356356182
578,Q1   2022,RVY,7.180577404
579,Q1   2022,RWA,7.406808577
580,Q1   2022,RWD,7.622594743
581,Q1   2022,RWE,6.85303074
582,Q1   2022,RWF,6.292651569
583,Q1   2022,RWG,6.669541507
584,Q1   2022,RWH,6.340793912
585,Q1   2022,RWJ,7.338560801
586,Q1   2022,RWP,5.711881579
587,Q1   2022,RWW,7.325778157
588,Q1   2022,RWY,6.076434808
589,Q1   2022,RX1,6.96265472
590,Q1   2022,RXC,7.664571138
591,Q1   2022,RXF,6.390023531
592,Q1   2022,RXK,6.113113982
593,Q1   2022,RXL,8.41967171
594,Q1   2022,RXN,7.867583607
595,Q1   2022,RXP,6.211257203
596,Q1   2022,RXQ,8.423216078
597,Q1   2022,RXR,7.279806379
598,Q1   2022,RXW,6.555215557
599,Q1   2022,RYJ,7.591227324
600,Q1   2022,RYR,8.18813425
601,Q1   2023,R0A,9.233691239
602,Q1   2023,R0B,8.76031179
603,Q1   2023,R0D,0
604,Q1   2023,R1F,8.510275655
605,Q1   2023,R1H,7.78851346
606,Q1   2023,R1K,6.856640159
607,Q1   2023,RA2,4.298953374
608,Q1   2023,RA4,8.987536719
609,Q1   2023,RA7,6.893372657
610,Q1   2023,RA9,7.850409458
611,Q1   2023,RAE,6.713987421
612,Q1   2023,RAJ,7.154968785
613,Q1   2023,RAL,8.281626981
614,Q1   2023,RAP,10.26641728
615,Q1   2023,RAS,7.092660909
616,Q1   2023,RAX,7.569653972
617,Q1   2023,RBK,7.800422555
618,Q1   2023,RBL,8.081559197
619,Q1   2023,RBN,6.770792344
620,Q1   2023,RBT,9.281194886
621,Q1   2023,RC9,6.510870219
622,Q1   2023,RCB,7.372241374
623,Q1   2023,RCD,6.512936838
624,Q1   2023,RCF,6.735015715
625,Q1   2023,RCX,9.110243285
626,Q1   2023,RD1,6.595633109
627,Q1   2023,RD8,3.999130256
628,Q1   2023,RDE,7.348384968
629,Q1   2023,REF,7.604811786
630,Q1   2023,REM,8.95949175
631,Q1   2023,RF4,9.014562249
632,Q1   2023,RFF,6.2371069
633,Q1   2023,RFR,6.510429615
634,Q1   2023,RFS,5.646335537
635,Q1   2023,RGN,7.832966595
636,Q1   2023,RGP,10.67185372
637,Q1   2023,RGR,7.839153186
638,Q1   2023,RGT,9.043040041
639,Q1   2023,RH5,10.40642106
640,Q1   2023,RH8,7.157869074
641,Q1   2023,RHM,7.224785004
642,Q1   2023,RHQ,7.439030061
643,Q1   2023,RHU,7.033275992
644,Q1   2023,RHW,6.470076922
645,Q1   2023,RJ1,6.884558416
646,Q1   2023,RJ2,8.407741467
647,Q1   2023,RJ6,9.045482194
648,Q1   2023,RJ7,8.728764591
649,Q1   2023,RJC,6.812837205
650,Q1   2023,RJE,7.054440077
651,Q1   2023,RJL,6.674773855
652,Q1   2023,RJN,9.402528699
653,Q1   2023,RJR,10.65871529
654,Q1   2023,RJZ,9.150375892
655,Q1   2023,RK5,7.184801995
656,Q1   2023,RK9,9.129213465
657,Q1   2023,RKB,7.211784462
658,Q1   2023,RKE,9.27969801
659,Q1   2023,RL4,6.790724801
660,Q1   2023,RLQ,14.93379295
661,Q1   2023,RLT,7.982266201
662,Q1   2023,RM1,7.65826557
663,Q1   2023,RM3,7.844766882
664,Q1   2023,RMC,8.476466487
665,Q1   2023,RMP,7.205586959
666,Q1   2023,RN3,6.422576578
667,Q1   2023,RN5,2.889694831
668,Q1   2023,RN7,9.162453146
669,Q1   2023,RNA,11.40270664
670,Q1   2023,RNN,9.67693909
671,Q1   2023,RNQ,7.947666058
672,Q1   2023,RNS,8.412637012
673,Q1   2023,RNZ,7.380104044
674,Q1   2023,RP5,7.682762922
675,Q1   2023,RPA,8.342750761
676,Q1   2023,RQM,8.232870377
677,Q1   2023,RQW,6.771252127
678,Q1   2023,RQX,6.186680482
679,Q1   2023,RR7,8.269073669
680,Q1   2023,RR8,8.89171376
681,Q1   2023,RRF,6.638265134
682,Q1   2023,RRK,7.100910334
683,Q1   2023,RRV,6.969638254
684,Q1   2023,RTD,7.540542968
685,Q1   2023,RTE,8.429065917
686,Q1   2023,RTF,6.268717335
687,Q1   2023,RTG,7.203774302
688,Q1   2023,RTH,6.675293986
689,Q1   2023,RTK,6.702121146
690,Q1   2023,RTP,8.762734112
691,Q1   2023,RTR,7.555899193
692,Q1   2023,RTX,8.370143059
693,Q1   2023,RVJ,7.429063551
694,Q1   2023,RVR,7.683871634
695,Q1   2023,RVV,9.044737436
696,Q1   2023,RVW,5.709403588
697,Q1   2023,RVY,8.552863565
698,Q1   2023,RWA,8.030123653
699,Q1   2023,RWD,7.783015633
700,Q1   2023,RWE,6.784669633
701,Q1   2023,RWF,6.115681934
702,Q1   2023,RWG,4.193850137
703,Q1   2023,RWH,6.793515417
704,Q1   2023,RWJ,7.437944749
705,Q1   2023,RWP,6.145622402
706,Q1   2023,RWW,31.4778627
707,Q1   2023,RWY,6.027530075
708,Q1   2023,RX1,8.010081031
709,Q1   2023,RXC,8.794267518
710,Q1   2023,RXF,5.361398543
711,Q1   2023,RXK,6.263226692
712,Q1   2023,RXL,9.373303072
713,Q1   2023,RXN,8.078537295
714,Q1   2023,RXP,12.9500735
715,Q1   2023,RXQ,9.4529282
716,Q1   2023,RXR,8.029818597
717,Q1   2023,RXW,6.84821149
718,Q1   2023,RYJ,7.860776106
719,Q1   2023,RYR,9.961473892
720,Q2   2018,R0A,7.313988512
721,Q2   2018,R1F,8.42205734
722,Q2   2018,R1H,6.133039626
723,Q2   2018,R1K,6.794124599
724,Q2   2018,RA2,5.769944306
725,Q2   2018,RA4,6.101197459
726,Q2   2018,RA7,6.208747116
727,Q2   2018,RA9,5.577142094
728,Q2   2018,RAE,4.755217693
729,Q2   2018,RAJ,5.271846876
730,Q2   2018,RAL,6.430364937
731,Q2   2018,RAP,6.57024523
732,Q2   2018,RAS,6.333480464
733,Q2   2018,RAX,5.650857844
734,Q2   2018,RBK,6.613627649
735,Q2   2018,RBL,6.539239585
736,Q2   2018,RBN,6.011905434
737,Q2   2018,RBT,7.060446504
738,Q2   2018,RBZ,5.405542024
739,Q2   2018,RC9,6.360137171
740,Q2   2018,RCB,6.753497633
741,Q2   2018,RCD,7.140988582
742,Q2   2018,RCF,6.493016456
743,Q2   2018,RCX,6.04772228
744,Q2   2018,RD1,6.497607667
745,Q2   2018,RD8,6.684207964
746,Q2   2018,RDE,6.573559017
747,Q2   2018,RDU,6.355586985
748,Q2   2018,REF,5.437838
749,Q2   2018,REM,6.935790265
750,Q2   2018,RF4,6.502588876
751,Q2   2018,RFF,5.220155682
752,Q2   2018,RFR,5.41566842
753,Q2   2018,RFS,5.620614129
754,Q2   2018,RGN,6.025023626
755,Q2   2018,RGP,6.897914505
756,Q2   2018,RGR,6.399139449
757,Q2   2018,RGT,7.29793502
758,Q2   2018,RH5,42.18029337
759,Q2   2018,RH8,6.393706075
760,Q2   2018,RHM,7.239175247
761,Q2   2018,RHQ,6.808651831
762,Q2   2018,RHU,6.889187725
763,Q2   2018,RHW,6.193813368
764,Q2   2018,RJ1,5.524026197
765,Q2   2018,RJ2,7.344924221
766,Q2   2018,RJ6,7.535077094
767,Q2   2018,RJ7,6.417002554
768,Q2   2018,RJC,6.715070334
769,Q2   2018,RJE,6.938024437
770,Q2   2018,RJL,6.916672706
771,Q2   2018,RJN,7.579883775
772,Q2   2018,RJR,7.658250601
773,Q2   2018,RJZ,7.717677266
774,Q2   2018,RK5,6.715843032
775,Q2   2018,RK9,6.190841205
776,Q2   2018,RKB,6.943141224
777,Q2   2018,RKE,6.452405616
778,Q2   2018,RL4,7.857553821
779,Q2   2018,RLQ,6.852794417
780,Q2   2018,RLT,7.084314935
781,Q2   2018,RM1,5.962170568
782,Q2   2018,RM3,8.178951293
783,Q2   2018,RMC,5.9133588
784,Q2   2018,RMP,7.131249148
785,Q2   2018,RN3,5.650846674
786,Q2   2018,RN5,7.079369457
787,Q2   2018,RN7,6.602044288
788,Q2   2018,RNA,6.758532888
789,Q2   2018,RNN,26.86017804
790,Q2   2018,RNQ,8.060934507
791,Q2   2018,RNS,7.518060362
792,Q2   2018,RNZ,6.78972079
793,Q2   2018,RP5,5.94709094
794,Q2   2018,RPA,5.912191788
795,Q2   2018,RQM,5.954104971
796,Q2   2018,RQW,6.843141341
797,Q2   2018,RQX,5.922158334
798,Q2   2018,RR7,7.198101287
799,Q2   2018,RR8,7.828053128
800,Q2   2018,RRF,4.865237563
801,Q2   2018,RRK,6.698511999
802,Q2   2018,RRV,6.903767357
803,Q2   2018,RTD,6.884902096
804,Q2   2018,RTE,5.714175791
805,Q2   2018,RTF,6.447322211
806,Q2   2018,RTG,6.108296389
807,Q2   2018,RTH,5.611107987
808,Q2   2018,RTK,5.688173332
809,Q2   2018,RTP,7.195170148
810,Q2   2018,RTR,6.452366157
811,Q2   2018,RTX,6.987275215
812,Q2   2018,RVJ,6.601313139
813,Q2   2018,RVR,6.799106849
814,Q2   2018,RVV,6.40164013
815,Q2   2018,RVW,5.783323516
816,Q2   2018,RVY,6.51337589
817,Q2   2018,RWA,5.960498319
818,Q2   2018,RWD,6.633292326
819,Q2   2018,RWE,6.024590973
820,Q2   2018,RWF,6.10637813
821,Q2   2018,RWG,6.68053962
822,Q2   2018,RWH,5.82758749
823,Q2   2018,RWJ,6.585239778
824,Q2   2018,RWP,6.523681169
825,Q2   2018,RWW,7.413180567
826,Q2   2018,RWY,6.016064556
827,Q2   2018,RX1,6.469069032
828,Q2   2018,RXC,2.382222758
829,Q2   2018,RXF,6.584487293
830,Q2   2018,RXK,6.095910672
831,Q2   2018,RXL,7.910821122
832,Q2   2018,RXN,7.456390255
833,Q2   2018,RXP,6.217044804
834,Q2   2018,RXQ,7.645604472
835,Q2   2018,RXR,6.624891774
836,Q2   2018,RXW,5.886076545
837,Q2   2018,RYJ,7.42503514
838,Q2   2018,RYR,7.043509803
839,Q2   2019,R0A,7.283108703
840,Q2   2019,R0B,6.393987437
841,Q2   2019,R1F,9.013038523
842,Q2   2019,R1H,6.517339656
843,Q2   2019,R1K,6.926544633
844,Q2   2019,RA2,5.675411333
845,Q2   2019,RA4,6.173465829
846,Q2   2019,RA7,5.918500741
847,Q2   2019,RA9,5.785068983
848,Q2   2019,RAE,5.040436538
849,Q2   2019,RAJ,5.367851611
850,Q2   2019,RAL,6.127864656
851,Q2   2019,RAP,6.580237922
852,Q2   2019,RAS,6.404866426
853,Q2   2019,RAX,5.533452566
854,Q2   2019,RBK,6.216747625
855,Q2   2019,RBL,7.070089732
856,Q2   2019,RBN,6.268878144
857,Q2   2019,RBT,6.589621868
858,Q2   2019,RBZ,5.433377593
859,Q2   2019,RC9,5.778062727
860,Q2   2019,RCB,6.535344975
861,Q2   2019,RCD,6.33839245
862,Q2   2019,RCF,6.346315155
863,Q2   2019,RCX,5.364356529
864,Q2   2019,RD1,5.973868446
865,Q2   2019,RD8,6.633130212
866,Q2   2019,RDE,6.341471413
867,Q2   2019,RDU,6.227017643
868,Q2   2019,REF,6.075949636
869,Q2   2019,REM,6.808667198
870,Q2   2019,RF4,6.671073354
871,Q2   2019,RFF,4.612438489
872,Q2   2019,RFR,5.281883699
873,Q2   2019,RFS,6.032233557
874,Q2   2019,RGN,6.355774134
875,Q2   2019,RGP,6.985626496
876,Q2   2019,RGR,6.644368221
877,Q2   2019,RGT,7.117796412
878,Q2   2019,RH5,38.20616219
879,Q2   2019,RH8,6.647470123
880,Q2   2019,RHM,6.910830809
881,Q2   2019,RHQ,6.390089583
882,Q2   2019,RHU,6.777054542
883,Q2   2019,RHW,5.885424944
884,Q2   2019,RJ1,5.712079723
885,Q2   2019,RJ2,6.967905205
886,Q2   2019,RJ6,7.458423905
887,Q2   2019,RJ7,6.410638887
888,Q2   2019,RJC,6.393264986
889,Q2   2019,RJE,6.740991382
890,Q2   2019,RJL,6.604259016
891,Q2   2019,RJN,7.744746089
892,Q2   2019,RJR,8.044042525
893,Q2   2019,RJZ,7.526416476
894,Q2   2019,RK5,6.072117447
895,Q2   2019,RK9,6.315887451
896,Q2   2019,RKB,6.887383038
897,Q2   2019,RKE,6.459928198
898,Q2   2019,RL4,7.595172131
899,Q2   2019,RLQ,5.995256915
900,Q2   2019,RLT,6.819966575
901,Q2   2019,RM1,6.04633175
902,Q2   2019,RM3,8.232900267
903,Q2   2019,RMC,6.277274901
904,Q2   2019,RMP,6.516251892
905,Q2   2019,RN3,6.042017856
906,Q2   2019,RN5,6.576409476
907,Q2   2019,RN7,6.604728869
908,Q2   2019,RNA,6.279313597
909,Q2   2019,RNN,7.955567896
910,Q2   2019,RNQ,6.927445074
911,Q2   2019,RNS,6.850846747
912,Q2   2019,RNZ,6.990130107
913,Q2   2019,RP5,6.010039368
914,Q2   2019,RPA,6.356905171
915,Q2   2019,RQM,5.445225283
916,Q2   2019,RQW,6.420537122
917,Q2   2019,RQX,5.782166265
918,Q2   2019,RR7,7.229283735
919,Q2   2019,RR8,7.886456809
920,Q2   2019,RRF,5.149162219
921,Q2   2019,RRK,6.644257531
922,Q2   2019,RRV,6.735592306
923,Q2   2019,RTD,6.550066471
924,Q2   2019,RTE,5.671633884
925,Q2   2019,RTF,5.907938337
926,Q2   2019,RTG,6.19829791
927,Q2   2019,RTH,5.399146569
928,Q2   2019,RTK,6.10771697
929,Q2   2019,RTP,6.919292113
930,Q2   2019,RTR,6.590471097
931,Q2   2019,RTX,6.664264303
932,Q2   2019,RVJ,6.574438879
933,Q2   2019,RVR,6.686284901
934,Q2   2019,RVV,6.361591462
935,Q2   2019,RVW,5.300130182
936,Q2   2019,RVY,6.988290883
937,Q2   2019,RWA,5.907698779
938,Q2   2019,RWD,6.20902197
939,Q2   2019,RWE,5.622374071
940,Q2   2019,RWF,5.97127516
941,Q2   2019,RWG,6.315528285
942,Q2   2019,RWH,5.337376814
943,Q2   2019,RWJ,6.913432827
944,Q2   2019,RWP,6.326314446
945,Q2   2019,RWW,6.471037074
946,Q2   2019,RWY,5.495937943
947,Q2   2019,RX1,6.531359991
948,Q2   2019,RXC,6.534975912
949,Q2   2019,RXF,6.54825312
950,Q2   2019,RXK,5.487027513
951,Q2   2019,RXL,7.769140531
952,Q2   2019,RXN,7.372715843
953,Q2   2019,RXP,6.062663859
954,Q2   2019,RXQ,7.153711489
955,Q2   2019,RXR,6.881875423
956,Q2   2019,RXW,5.793561192
957,Q2   2019,RYJ,6.656320685
958,Q2   2019,RYR,6.70671143
959,Q2   2020,R0A,7.698049911
960,Q2   2020,R0B,5.535937165
961,Q2   2020,R0D,0
962,Q2   2020,R1F,6.938345151
963,Q2   2020,R1H,6.640806528
964,Q2   2020,R1K,6.634767109
965,Q2   2020,RA2,5.058756824
966,Q2   2020,RA4,5.690359115
967,Q2   2020,RA7,6.274723474
968,Q2   2020,RA9,5.595602678
969,Q2   2020,RAE,5.256662793
970,Q2   2020,RAJ,5.674377176
971,Q2   2020,RAL,6.384355807
972,Q2   2020,RAP,7.028387196
973,Q2   2020,RAS,6.468903932
974,Q2   2020,RAX,5.394652724
975,Q2   2020,RBK,6.243271457
976,Q2   2020,RBL,6.754877952
977,Q2   2020,RBN,5.982542637
978,Q2   2020,RBT,6.356053987
979,Q2   2020,RBZ,5.080538339
980,Q2   2020,RC9,5.780765267
981,Q2   2020,RCB,5.501286624
982,Q2   2020,RCD,6.085102231
983,Q2   2020,RCF,6.293995509
984,Q2   2020,RCX,5.967551036
985,Q2   2020,RD1,4.99797179
986,Q2   2020,RD8,5.5394133
987,Q2   2020,RDE,5.715208567
988,Q2   2020,RDU,6.479835546
989,Q2   2020,REF,5.114065215
990,Q2   2020,REM,6.936091187
991,Q2   2020,RF4,6.55795206
992,Q2   2020,RFF,4.913589045
993,Q2   2020,RFR,4.784248465
994,Q2   2020,RFS,4.689716387
995,Q2   2020,RGN,6.010112549
996,Q2   2020,RGP,7.207989021
997,Q2   2020,RGR,6.050838007
998,Q2   2020,RGT,7.037240629
999,Q2   2020,RH5,7.451049704
1000,Q2   2020,RH8,6.058577619
1001,Q2   2020,RHM,6.073493193
1002,Q2   2020,RHQ,6.406851197
1003,Q2   2020,RHU,5.626231673
1004,Q2   2020,RHW,5.909746372
1005,Q2   2020,RJ1,7.326458688
1006,Q2   2020,RJ2,6.912909874
1007,Q2   2020,RJ6,8.281705478
1008,Q2   2020,RJ7,7.164042038
1009,Q2   2020,RJC,6.132855803
1010,Q2   2020,RJE,6.462758898
1011,Q2   2020,RJL,5.710805983
1012,Q2   2020,RJN,7.322539994
1013,Q2   2020,RJR,8.214782337
1014,Q2   2020,RJZ,8.18989631
1015,Q2   2020,RK5,4.886543353
1016,Q2   2020,RK9,6.149076825
1017,Q2   2020,RKB,5.745824328
1018,Q2   2020,RKE,7.403193974
1019,Q2   2020,RL4,7.59524137
1020,Q2   2020,RLQ,5.777893568
1021,Q2   2020,RLT,6.513272351
1022,Q2   2020,RM1,5.652800506
1023,Q2   2020,RM3,8.932929454
1024,Q2   2020,RMC,5.628071568
1025,Q2   2020,RMP,6.124479641
1026,Q2   2020,RN3,5.275563285
1027,Q2   2020,RN5,6.1600125
1028,Q2   2020,RN7,5.828398553
1029,Q2   2020,RNA,6.13239941
1030,Q2   2020,RNN,7.680388445
1031,Q2   2020,RNQ,7.077862976
1032,Q2   2020,RNS,6.535195982
1033,Q2   2020,RNZ,7.074296853
1034,Q2   2020,RP5,6.199212339
1035,Q2   2020,RPA,5.893449652
1036,Q2   2020,RQM,5.448394449
1037,Q2   2020,RQW,6.709401805
1038,Q2   2020,RQX,6.608176008
1039,Q2   2020,RR7,6.464109492
1040,Q2   2020,RR8,7.259296315
1041,Q2   2020,RRF,5.031200383
1042,Q2   2020,RRK,6.204759616
1043,Q2   2020,RRV,8.418425442
1044,Q2   2020,RTD,5.809102573
1045,Q2   2020,RTE,5.213969326
1046,Q2   2020,RTF,5.551075709
1047,Q2   2020,RTG,5.554182265
1048,Q2   2020,RTH,5.803032923
1049,Q2   2020,RTK,5.865008382
1050,Q2   2020,RTP,6.230953647
1051,Q2   2020,RTR,6.995286245
1052,Q2   2020,RTX,6.264506204
1053,Q2   2020,RVJ,5.88674072
1054,Q2   2020,RVR,6.782727221
1055,Q2   2020,RVV,6.01248002
1056,Q2   2020,RVW,5.004647871
1057,Q2   2020,RVY,6.534930704
1058,Q2   2020,RWA,6.278527153
1059,Q2   2020,RWD,5.53751979
1060,Q2   2020,RWE,5.799142197
1061,Q2   2020,RWF,5.231853686
1062,Q2   2020,RWG,5.9276448
1063,Q2   2020,RWH,5.335896598
1064,Q2   2020,RWJ,6.296669956
1065,Q2   2020,RWP,5.086724967
1066,Q2   2020,RWW,6.539390695
1067,Q2   2020,RWY,4.928686049
1068,Q2   2020,RX1,6.289584996
1069,Q2   2020,RXC,6.364824364
1070,Q2   2020,RXF,5.758939017
1071,Q2   2020,RXK,6.132960393
1072,Q2   2020,RXL,7.37526481
1073,Q2   2020,RXN,7.304072776
1074,Q2   2020,RXP,5.595074066
1075,Q2   2020,RXQ,8.110097278
1076,Q2   2020,RXR,6.189897246
1077,Q2   2020,RXW,5.315704298
1078,Q2   2020,RYJ,7.541544169
1079,Q2   2020,RYR,5.808290493
1080,Q2   2021,R0A,6.320903876
1081,Q2   2021,R0B,5.656200211
1082,Q2   2021,R0D,0
1083,Q2   2021,R1F,7.22383792
1084,Q2   2021,R1H,6.22652603
1085,Q2   2021,R1K,5.799820249
1086,Q2   2021,RA2,4.910481638
1087,Q2   2021,RA4,6.082752819
1088,Q2   2021,RA7,6.671724881
1089,Q2   2021,RA9,5.601849598
1090,Q2   2021,RAE,5.258603936
1091,Q2   2021,RAJ,5.908902371
1092,Q2   2021,RAL,5.811123375
1093,Q2   2021,RAP,6.864410371
1094,Q2   2021,RAS,6.04166816
1095,Q2   2021,RAX,6.144449259
1096,Q2   2021,RBK,5.73050275
1097,Q2   2021,RBL,6.436930917
1098,Q2   2021,RBN,5.900199013
1099,Q2   2021,RBT,6.697261291
1100,Q2   2021,RBZ,5.414505258
1101,Q2   2021,RC9,5.33145859
1102,Q2   2021,RCB,5.410668751
1103,Q2   2021,RCD,6.39649533
1104,Q2   2021,RCF,5.726751263
1105,Q2   2021,RCX,6.374771199
1106,Q2   2021,RD1,5.605227177
1107,Q2   2021,RD8,5.883802023
1108,Q2   2021,RDE,5.780290968
1109,Q2   2021,RDU,6.292810287
1110,Q2   2021,REF,5.665733403
1111,Q2   2021,REM,6.738042641
1112,Q2   2021,RF4,6.401924872
1113,Q2   2021,RFF,5.015669785
1114,Q2   2021,RFR,5.576153305
1115,Q2   2021,RFS,4.990190661
1116,Q2   2021,RGN,6.5343127
1117,Q2   2021,RGP,7.022380087
1118,Q2   2021,RGR,6.559467063
1119,Q2   2021,RGT,7.204858498
1120,Q2   2021,RH5,7.888765281
1121,Q2   2021,RH8,6.255794074
1122,Q2   2021,RHM,6.185000247
1123,Q2   2021,RHQ,6.324340053
1124,Q2   2021,RHU,5.884769548
1125,Q2   2021,RHW,5.424776904
1126,Q2   2021,RJ1,5.849183328
1127,Q2   2021,RJ2,7.905238365
1128,Q2   2021,RJ6,7.162206678
1129,Q2   2021,RJ7,7.3354304
1130,Q2   2021,RJC,5.753354323
1131,Q2   2021,RJE,6.112938001
1132,Q2   2021,RJL,6.061016261
1133,Q2   2021,RJN,7.344319903
1134,Q2   2021,RJR,6.886715182
1135,Q2   2021,RJZ,7.619107831
1136,Q2   2021,RK5,5.926277087
1137,Q2   2021,RK9,6.865881928
1138,Q2   2021,RKB,5.937342598
1139,Q2   2021,RKE,6.627807425
1140,Q2   2021,RL4,6.495989622
1141,Q2   2021,RLQ,6.167851165
1142,Q2   2021,RLT,6.495236289
1143,Q2   2021,RM1,6.061969385
1144,Q2   2021,RM3,7.974067792
1145,Q2   2021,RMC,6.180298148
1146,Q2   2021,RMP,5.507406555
1147,Q2   2021,RN3,5.658779213
1148,Q2   2021,RN5,5.186479024
1149,Q2   2021,RN7,5.906420381
1150,Q2   2021,RNA,6.375977024
1151,Q2   2021,RNN,6.916196135
1152,Q2   2021,RNQ,7.301467574
1153,Q2   2021,RNS,6.287596239
1154,Q2   2021,RNZ,6.889630936
1155,Q2   2021,RP5,6.326810591
1156,Q2   2021,RPA,5.713208146
1157,Q2   2021,RQM,5.641026833
1158,Q2   2021,RQW,5.878119366
1159,Q2   2021,RQX,5.247795581
1160,Q2   2021,RR7,6.396220301
1161,Q2   2021,RR8,7.415078461
1162,Q2   2021,RRF,5.079792972
1163,Q2   2021,RRK,6.119241178
1164,Q2   2021,RRV,6.760385484
1165,Q2   2021,RTD,5.872330566
1166,Q2   2021,RTE,5.687017563
1167,Q2   2021,RTF,5.400835967
1168,Q2   2021,RTG,5.614887443
1169,Q2   2021,RTH,5.54959501
1170,Q2   2021,RTK,5.857401938
1171,Q2   2021,RTP,6.785508357
1172,Q2   2021,RTR,6.481673127
1173,Q2   2021,RTX,6.465193046
1174,Q2   2021,RVJ,6.454181634
1175,Q2   2021,RVR,6.026226051
1176,Q2   2021,RVV,5.754312269
1177,Q2   2021,RVW,4.834090771
1178,Q2   2021,RVY,6.051866602
1179,Q2   2021,RWA,6.27212277
1180,Q2   2021,RWD,6.366412484
1181,Q2   2021,RWE,5.990484135
1182,Q2   2021,RWF,5.050133907
1183,Q2   2021,RWG,5.631592588
1184,Q2   2021,RWH,5.446718967
1185,Q2   2021,RWJ,5.983326188
1186,Q2   2021,RWP,5.325158246
1187,Q2   2021,RWW,6.340975463
1188,Q2   2021,RWY,5.069794657
1189,Q2   2021,RX1,6.122565596
1190,Q2   2021,RXC,6.533561187
1191,Q2   2021,RXF,5.886475744
1192,Q2   2021,RXK,5.620545008
1193,Q2   2021,RXL,7.504978605
1194,Q2   2021,RXN,6.933089173
1195,Q2   2021,RXP,5.610774018
1196,Q2   2021,RXQ,7.225714681
1197,Q2   2021,RXR,6.591076035
1198,Q2   2021,RXW,5.539034348
1199,Q2   2021,RYJ,6.514343858
1200,Q2   2021,RYR,6.676927254
1201,Q2   2022,R0A,7.565633154
1202,Q2   2022,R0B,6.737602199
1203,Q2   2022,R0D,0
1204,Q2   2022,R1F,7.775614786
1205,Q2   2022,R1H,7.410638158
1206,Q2   2022,R1K,6.471391218
1207,Q2   2022,RA2,5.808322001
1208,Q2   2022,RA4,7.942965346
1209,Q2   2022,RA7,7.47046119
1210,Q2   2022,RA9,7.995574855
1211,Q2   2022,RAE,5.480556936
1212,Q2   2022,RAJ,7.455750204
1213,Q2   2022,RAL,7.117891741
1214,Q2   2022,RAP,8.692637275
1215,Q2   2022,RAS,6.843177599
1216,Q2   2022,RAX,6.896578917
1217,Q2   2022,RBK,6.547828052
1218,Q2   2022,RBL,7.826262238
1219,Q2   2022,RBN,6.883912519
1220,Q2   2022,RBT,7.541685191
1221,Q2   2022,RC9,6.231230425
1222,Q2   2022,RCB,7.337229977
1223,Q2   2022,RCD,7.55383543
1224,Q2   2022,RCF,6.677595012
1225,Q2   2022,RCX,7.474421342
1226,Q2   2022,RD1,6.560599878
1227,Q2   2022,RD8,7.460903362
1228,Q2   2022,RDE,7.093327787
1229,Q2   2022,RDU,7.52601723
1230,Q2   2022,REF,7.845255247
1231,Q2   2022,REM,7.930531368
1232,Q2   2022,RF4,7.027387629
1233,Q2   2022,RFF,5.663922384
1234,Q2   2022,RFR,6.467704071
1235,Q2   2022,RFS,6.150479658
1236,Q2   2022,RGN,7.445663153
1237,Q2   2022,RGP,8.265764853
1238,Q2   2022,RGR,7.015172121
1239,Q2   2022,RGT,8.670258983
1240,Q2   2022,RH5,9.498041554
1241,Q2   2022,RH8,6.65940027
1242,Q2   2022,RHM,7.243241962
1243,Q2   2022,RHQ,7.403367607
1244,Q2   2022,RHU,6.598160346
1245,Q2   2022,RHW,6.001520231
1246,Q2   2022,RJ1,6.535060759
1247,Q2   2022,RJ2,7.609966956
1248,Q2   2022,RJ6,8.735231759
1249,Q2   2022,RJ7,8.666169422
1250,Q2   2022,RJC,7.016810452
1251,Q2   2022,RJE,6.80171701
1252,Q2   2022,RJL,6.83334624
1253,Q2   2022,RJN,10.56875269
1254,Q2   2022,RJR,9.456007101
1255,Q2   2022,RJZ,8.343216984
1256,Q2   2022,RK5,7.322099517
1257,Q2   2022,RK9,8.786914365
1258,Q2   2022,RKB,6.674788026
1259,Q2   2022,RKE,7.835867457
1260,Q2   2022,RL4,6.875321261
1261,Q2   2022,RLQ,7.865850856
1262,Q2   2022,RLT,7.916611269
1263,Q2   2022,RM1,7.291474016
1264,Q2   2022,RM3,8.038630586
1265,Q2   2022,RMC,7.099653271
1266,Q2   2022,RMP,7.492188367
1267,Q2   2022,RN3,6.911226008
1268,Q2   2022,RN5,6.443683194
1269,Q2   2022,RN7,7.107445719
1270,Q2   2022,RNA,7.240750601
1271,Q2   2022,RNN,8.811489517
1272,Q2   2022,RNQ,7.623008792
1273,Q2   2022,RNS,6.978531467
1274,Q2   2022,RNZ,8.669771391
1275,Q2   2022,RP5,7.403093191
1276,Q2   2022,RPA,6.966450888
1277,Q2   2022,RQM,7.135286689
1278,Q2   2022,RQW,7.337590578
1279,Q2   2022,RQX,6.014383849
1280,Q2   2022,RR7,7.957158492
1281,Q2   2022,RR8,8.209111781
1282,Q2   2022,RRF,6.186830593
1283,Q2   2022,RRK,6.844011983
1284,Q2   2022,RRV,7.124128609
1285,Q2   2022,RTD,6.996658791
1286,Q2   2022,RTE,7.731573713
1287,Q2   2022,RTF,6.0563913
1288,Q2   2022,RTG,7.005102645
1289,Q2   2022,RTH,6.726544938
1290,Q2   2022,RTK,6.665535917
1291,Q2   2022,RTP,8.092145774
1292,Q2   2022,RTR,0.126412806
1293,Q2   2022,RTX,7.582033264
1294,Q2   2022,RVJ,7.194402436
1295,Q2   2022,RVR,7.163878893
1296,Q2   2022,RVV,7.186180007
1297,Q2   2022,RVW,5.278713432
1298,Q2   2022,RVY,7.401375686
1299,Q2   2022,RWA,7.345356269
1300,Q2   2022,RWD,7.522493759
1301,Q2   2022,RWE,6.694059741
1302,Q2   2022,RWF,6.335200927
1303,Q2   2022,RWG,6.401128688
1304,Q2   2022,RWH,6.469574549
1305,Q2   2022,RWJ,7.247265887
1306,Q2   2022,RWP,5.963273457
1307,Q2   2022,RWW,7.454230294
1308,Q2   2022,RWY,6.20538556
1309,Q2   2022,RX1,7.41548439
1310,Q2   2022,RXC,8.201722795
1311,Q2   2022,RXF,6.638948314
1312,Q2   2022,RXK,5.929012623
1313,Q2   2022,RXL,8.804318992
1314,Q2   2022,RXN,8.392022508
1315,Q2   2022,RXP,6.395805394
1316,Q2   2022,RXQ,7.487100286
1317,Q2   2022,RXR,7.598838699
1318,Q2   2022,RXW,6.627197525
1319,Q2   2022,RYJ,7.612685733
1320,Q2   2022,RYR,8.534719778
1321,Q3   2018,R0A,7.436326809
1322,Q3   2018,R1F,8.076315287
1323,Q3   2018,R1H,6.155716273
1324,Q3   2018,R1K,6.597473961
1325,Q3   2018,RA2,5.407390286
1326,Q3   2018,RA4,6.227735294
1327,Q3   2018,RA7,5.954507904
1328,Q3   2018,RA9,5.420941482
1329,Q3   2018,RAE,4.813392246
1330,Q3   2018,RAJ,5.352142365
1331,Q3   2018,RAL,6.296886845
1332,Q3   2018,RAP,6.547825091
1333,Q3   2018,RAS,6.221895475
1334,Q3   2018,RAX,5.258698776
1335,Q3   2018,RBK,6.265789207
1336,Q3   2018,RBL,6.476011422
1337,Q3   2018,RBN,6.053497646
1338,Q3   2018,RBT,6.728492838
1339,Q3   2018,RBZ,5.365927779
1340,Q3   2018,RC9,6.148254525
1341,Q3   2018,RCB,6.365843166
1342,Q3   2018,RCD,6.296630724
1343,Q3   2018,RCF,6.38673948
1344,Q3   2018,RCX,5.825633019
1345,Q3   2018,RD1,6.326464122
1346,Q3   2018,RD8,6.563840328
1347,Q3   2018,RDE,6.295028371
1348,Q3   2018,RDU,6.123425657
1349,Q3   2018,REF,5.503506619
1350,Q3   2018,REM,6.676975421
1351,Q3   2018,RF4,6.599845032
1352,Q3   2018,RFF,4.891126524
1353,Q3   2018,RFR,5.278395157
1354,Q3   2018,RFS,5.58584088
1355,Q3   2018,RGN,5.916928246
1356,Q3   2018,RGP,6.687638404
1357,Q3   2018,RGR,6.181507716
1358,Q3   2018,RGT,7.345184232
1359,Q3   2018,RH5,33.12411509
1360,Q3   2018,RH8,6.470483994
1361,Q3   2018,RHM,7.203810952
1362,Q3   2018,RHQ,6.713595877
1363,Q3   2018,RHU,7.163811106
1364,Q3   2018,RHW,5.643106229
1365,Q3   2018,RJ1,5.404733563
1366,Q3   2018,RJ2,6.933948793
1367,Q3   2018,RJ6,7.046913084
1368,Q3   2018,RJ7,6.180831728
1369,Q3   2018,RJC,6.702432344
1370,Q3   2018,RJE,6.525322933
1371,Q3   2018,RJL,6.638833601
1372,Q3   2018,RJN,7.512381848
1373,Q3   2018,RJR,7.907599629
1374,Q3   2018,RJZ,7.455091827
1375,Q3   2018,RK5,6.453195753
1376,Q3   2018,RK9,6.151059555
1377,Q3   2018,RKB,6.652263982
1378,Q3   2018,RKE,6.728941272
1379,Q3   2018,RL4,7.633083669
1380,Q3   2018,RLQ,6.396881183
1381,Q3   2018,RLT,6.642004682
1382,Q3   2018,RM1,5.840111178
1383,Q3   2018,RM3,7.678435554
1384,Q3   2018,RMC,6.092625826
1385,Q3   2018,RMP,7.182318757
1386,Q3   2018,RN3,5.552815026
1387,Q3   2018,RN5,6.801954466
1388,Q3   2018,RN7,6.46657714
1389,Q3   2018,RNA,6.36523391
1390,Q3   2018,RNN,35.79585393
1391,Q3   2018,RNQ,8.281490565
1392,Q3   2018,RNS,7.103348597
1393,Q3   2018,RNZ,7.080479147
1394,Q3   2018,RP5,5.842606151
1395,Q3   2018,RPA,6.126170487
1396,Q3   2018,RQM,5.663815673
1397,Q3   2018,RQW,6.557091622
1398,Q3   2018,RQX,5.867811702
1399,Q3   2018,RR7,6.860169487
1400,Q3   2018,RR8,7.653796629
1401,Q3   2018,RRF,4.934718513
1402,Q3   2018,RRK,6.321286674
1403,Q3   2018,RRV,6.491038164
1404,Q3   2018,RTD,6.48258651
1405,Q3   2018,RTE,5.606575024
1406,Q3   2018,RTF,6.201575032
1407,Q3   2018,RTG,5.969765507
1408,Q3   2018,RTH,5.584403505
1409,Q3   2018,RTK,5.988276818
1410,Q3   2018,RTP,7.151137761
1411,Q3   2018,RTR,6.232044308
1412,Q3   2018,RTX,6.890762471
1413,Q3   2018,RVJ,6.457867486
1414,Q3   2018,RVR,6.570855546
1415,Q3   2018,RVV,6.147050262
1416,Q3   2018,RVW,5.511513275
1417,Q3   2018,RVY,6.551526725
1418,Q3   2018,RWA,6.101039747
1419,Q3   2018,RWD,6.631408227
1420,Q3   2018,RWE,5.931900826
1421,Q3   2018,RWF,5.892443483
1422,Q3   2018,RWG,6.58701602
1423,Q3   2018,RWH,5.681958298
1424,Q3   2018,RWJ,6.292860547
1425,Q3   2018,RWP,6.144400503
1426,Q3   2018,RWW,7.109009128
1427,Q3   2018,RWY,5.681467352
1428,Q3   2018,RX1,6.380578778
1429,Q3   2018,RXC,2.256464002
1430,Q3   2018,RXF,6.530565005
1431,Q3   2018,RXK,5.498356701
1432,Q3   2018,RXL,7.769103844
1433,Q3   2018,RXN,7.523644985
1434,Q3   2018,RXP,6.149488493
1435,Q3   2018,RXQ,7.679180942
1436,Q3   2018,RXR,6.677267664
1437,Q3   2018,RXW,5.604571418
1438,Q3   2018,RYJ,7.139111204
1439,Q3   2018,RYR,6.844301433
1440,Q3   2019,R0A,7.334890468
1441,Q3   2019,R0B,6.362370502
1442,Q3   2019,R1F,8.437822788
1443,Q3   2019,R1H,6.571103566
1444,Q3   2019,R1K,6.770596831
1445,Q3   2019,RA2,5.520805737
1446,Q3   2019,RA4,6.073793007
1447,Q3   2019,RA7,6.242905997
1448,Q3   2019,RA9,5.983415221
1449,Q3   2019,RAE,4.820837771
1450,Q3   2019,RAJ,5.431363612
1451,Q3   2019,RAL,6.280898399
1452,Q3   2019,RAP,6.780601253
1453,Q3   2019,RAS,6.333602516
1454,Q3   2019,RAX,5.594425628
1455,Q3   2019,RBK,6.027797629
1456,Q3   2019,RBL,6.859595359
1457,Q3   2019,RBN,6.305573455
1458,Q3   2019,RBT,6.507109586
1459,Q3   2019,RBZ,5.195026919
1460,Q3   2019,RC9,5.667334115
1461,Q3   2019,RCB,6.640760413
1462,Q3   2019,RCD,5.985141203
1463,Q3   2019,RCF,6.48534034
1464,Q3   2019,RCX,5.657087797
1465,Q3   2019,RD1,6.221093296
1466,Q3   2019,RD8,6.672306053
1467,Q3   2019,RDE,6.304934843
1468,Q3   2019,RDU,6.310473037
1469,Q3   2019,REF,5.700707123
1470,Q3   2019,REM,6.742445986
1471,Q3   2019,RF4,6.843464282
1472,Q3   2019,RFF,4.571332638
1473,Q3   2019,RFR,5.425888664
1474,Q3   2019,RFS,5.801412957
1475,Q3   2019,RGN,6.388282991
1476,Q3   2019,RGP,6.824172728
1477,Q3   2019,RGR,6.398549781
1478,Q3   2019,RGT,6.936188712
1479,Q3   2019,RH5,39.49154614
1480,Q3   2019,RH8,6.637975408
1481,Q3   2019,RHM,7.126906559
1482,Q3   2019,RHQ,6.448024835
1483,Q3   2019,RHU,7.007987736
1484,Q3   2019,RHW,5.7100082
1485,Q3   2019,RJ1,5.272069507
1486,Q3   2019,RJ2,7.130739417
1487,Q3   2019,RJ6,7.211319506
1488,Q3   2019,RJ7,6.479706093
1489,Q3   2019,RJC,6.402219527
1490,Q3   2019,RJE,6.327652685
1491,Q3   2019,RJL,6.536732112
1492,Q3   2019,RJN,7.599714051
1493,Q3   2019,RJR,8.018386008
1494,Q3   2019,RJZ,7.357277315
1495,Q3   2019,RK5,6.220817901
1496,Q3   2019,RK9,6.155697702
1497,Q3   2019,RKB,6.800815345
1498,Q3   2019,RKE,6.710440926
1499,Q3   2019,RL4,7.208813548
1500,Q3   2019,RLQ,6.11821242
1501,Q3   2019,RLT,6.767915247
1502,Q3   2019,RM1,6.072126084
1503,Q3   2019,RM3,8.446878666
1504,Q3   2019,RMC,6.152840924
1505,Q3   2019,RMP,6.327082281
1506,Q3   2019,RN3,5.704877726
1507,Q3   2019,RN5,6.425859708
1508,Q3   2019,RN7,6.593527051
1509,Q3   2019,RNA,6.261028124
1510,Q3   2019,RNN,8.757725428
1511,Q3   2019,RNQ,7.070231665
1512,Q3   2019,RNS,6.751438112
1513,Q3   2019,RNZ,7.195855739
1514,Q3   2019,RP5,5.822604416
1515,Q3   2019,RPA,6.261095189
1516,Q3   2019,RQM,5.451534026
1517,Q3   2019,RQW,6.338040205
1518,Q3   2019,RQX,5.781933111
1519,Q3   2019,RR7,6.603779814
1520,Q3   2019,RR8,7.41041702
1521,Q3   2019,RRF,4.990859021
1522,Q3   2019,RRK,6.637987113
1523,Q3   2019,RRV,6.780855813
1524,Q3   2019,RTD,6.406025668
1525,Q3   2019,RTE,5.446958352
1526,Q3   2019,RTF,5.861718922
1527,Q3   2019,RTG,5.945102367
1528,Q3   2019,RTH,5.655653808
1529,Q3   2019,RTK,6.116649375
1530,Q3   2019,RTP,7.549960137
1531,Q3   2019,RTR,6.579651874
1532,Q3   2019,RTX,6.536519888
1533,Q3   2019,RVJ,6.495315658
1534,Q3   2019,RVR,6.155177067
1535,Q3   2019,RVV,6.346884983
1536,Q3   2019,RVW,5.572303126
1537,Q3   2019,RVY,6.47028563
1538,Q3   2019,RWA,6.175521685
1539,Q3   2019,RWD,6.103900332
1540,Q3   2019,RWE,5.634071456
1541,Q3   2019,RWF,5.837059411
1542,Q3   2019,RWG,6.243385217
1543,Q3   2019,RWH,5.254847538
1544,Q3   2019,RWJ,6.439331877
1545,Q3   2019,RWP,6.298021399
1546,Q3   2019,RWW,6.222540128
1547,Q3   2019,RWY,5.579582101
1548,Q3   2019,RX1,6.403186418
1549,Q3   2019,RXC,6.942719507
1550,Q3   2019,RXF,6.514015769
1551,Q3   2019,RXK,5.51365578
1552,Q3   2019,RXL,7.517464614
1553,Q3   2019,RXN,6.891954146
1554,Q3   2019,RXP,5.798707525
1555,Q3   2019,RXQ,7.73485086
1556,Q3   2019,RXR,6.873134794
1557,Q3   2019,RXW,5.62713948
1558,Q3   2019,RYJ,7.219447042
1559,Q3   2019,RYR,6.907557484
1560,Q3   2020,R0A,6.6893986
1561,Q3   2020,R0B,5.237648678
1562,Q3   2020,R0D,0
1563,Q3   2020,R1F,6.176088119
1564,Q3   2020,R1H,5.922019174
1565,Q3   2020,R1K,6.200505343
1566,Q3   2020,RA2,4.81716417
1567,Q3   2020,RA4,5.942031561
1568,Q3   2020,RA7,5.965671657
1569,Q3   2020,RA9,5.302085268
1570,Q3   2020,RAE,5.338114367
1571,Q3   2020,RAJ,5.569968047
1572,Q3   2020,RAL,5.674033866
1573,Q3   2020,RAP,6.702799724
1574,Q3   2020,RAS,5.868652495
1575,Q3   2020,RAX,5.587019388
1576,Q3   2020,RBK,5.462129083
1577,Q3   2020,RBL,6.371081261
1578,Q3   2020,RBN,5.777717
1579,Q3   2020,RBT,6.084648214
1580,Q3   2020,RBZ,5.009011388
1581,Q3   2020,RC9,5.548489153
1582,Q3   2020,RCB,5.275203037
1583,Q3   2020,RCD,5.80257563
1584,Q3   2020,RCF,5.72128452
1585,Q3   2020,RCX,5.88162234
1586,Q3   2020,RD1,5.317801491
1587,Q3   2020,RD8,5.540990735
1588,Q3   2020,RDE,5.628401477
1589,Q3   2020,RDU,5.890984725
1590,Q3   2020,REF,5.459963495
1591,Q3   2020,REM,6.382838462
1592,Q3   2020,RF4,6.163754525
1593,Q3   2020,RFF,4.950411531
1594,Q3   2020,RFR,5.121516794
1595,Q3   2020,RFS,4.72501443
1596,Q3   2020,RGN,6.261634618
1597,Q3   2020,RGP,7.239193897
1598,Q3   2020,RGR,6.338123331
1599,Q3   2020,RGT,7.412578454
1600,Q3   2020,RH5,8.421200284
1601,Q3   2020,RH8,6.056975065
1602,Q3   2020,RHM,5.887631127
1603,Q3   2020,RHQ,6.119312563
1604,Q3   2020,RHU,5.822137085
1605,Q3   2020,RHW,5.42997096
1606,Q3   2020,RJ1,5.841176114
1607,Q3   2020,RJ2,6.202096249
1608,Q3   2020,RJ6,7.261705005
1609,Q3   2020,RJ7,6.2622564
1610,Q3   2020,RJC,5.529909645
1611,Q3   2020,RJE,5.970388584
1612,Q3   2020,RJL,5.960571121
1613,Q3   2020,RJN,6.719708026
1614,Q3   2020,RJR,7.249888055
1615,Q3   2020,RJZ,7.214023764
1616,Q3   2020,RK5,4.992578506
1617,Q3   2020,RK9,6.339976383
1618,Q3   2020,RKB,5.631367343
1619,Q3   2020,RKE,5.922906586
1620,Q3   2020,RL4,6.476531068
1621,Q3   2020,RLQ,5.472251111
1622,Q3   2020,RLT,6.142783757
1623,Q3   2020,RM1,5.910515702
1624,Q3   2020,RM3,7.476004299
1625,Q3   2020,RMC,5.733084198
1626,Q3   2020,RMP,5.64002966
1627,Q3   2020,RN3,5.665543088
1628,Q3   2020,RN5,5.861118595
1629,Q3   2020,RN7,5.992294123
1630,Q3   2020,RNA,6.10584696
1631,Q3   2020,RNN,7.730573552
1632,Q3   2020,RNQ,6.406537879
1633,Q3   2020,RNS,6.463258859
1634,Q3   2020,RNZ,7.122509502
1635,Q3   2020,RP5,6.070201019
1636,Q3   2020,RPA,5.609371223
1637,Q3   2020,RQM,5.839926125
1638,Q3   2020,RQW,6.222382688
1639,Q3   2020,RQX,5.521572909
1640,Q3   2020,RR7,6.029291977
1641,Q3   2020,RR8,7.105773359
1642,Q3   2020,RRF,5.246624489
1643,Q3   2020,RRK,5.446394454
1644,Q3   2020,RRV,6.096188611
1645,Q3   2020,RTD,5.828377404
1646,Q3   2020,RTE,5.396444989
1647,Q3   2020,RTF,5.268663356
1648,Q3   2020,RTG,5.374306919
1649,Q3   2020,RTH,5.601435841
1650,Q3   2020,RTK,5.770371683
1651,Q3   2020,RTP,6.31183979
1652,Q3   2020,RTR,6.355035454
1653,Q3   2020,RTX,6.329971636
1654,Q3   2020,RVJ,5.880129795
1655,Q3   2020,RVR,5.70976159
1656,Q3   2020,RVV,5.761095597
1657,Q3   2020,RVW,5.203625727
1658,Q3   2020,RVY,6.170599042
1659,Q3   2020,RWA,6.00977163
1660,Q3   2020,RWD,6.427533706
1661,Q3   2020,RWE,5.805993051
1662,Q3   2020,RWF,4.984746227
1663,Q3   2020,RWG,5.850598251
1664,Q3   2020,RWH,5.288896399
1665,Q3   2020,RWJ,6.367962979
1666,Q3   2020,RWP,4.896854323
1667,Q3   2020,RWW,6.036644164
1668,Q3   2020,RWY,5.369451055
1669,Q3   2020,RX1,5.946267236
1670,Q3   2020,RXC,6.58481009
1671,Q3   2020,RXF,5.827957275
1672,Q3   2020,RXK,5.340916438
1673,Q3   2020,RXL,7.16816839
1674,Q3   2020,RXN,7.124127242
1675,Q3   2020,RXP,5.469770956
1676,Q3   2020,RXQ,6.818928616
1677,Q3   2020,RXR,6.436681765
1678,Q3   2020,RXW,5.37349024
1679,Q3   2020,RYJ,6.630801642
1680,Q3   2020,RYR,6.007422891
1681,Q3   2021,R0A,6.724449385
1682,Q3   2021,R0B,6.037027556
1683,Q3   2021,R0D,0
1684,Q3   2021,R1F,6.048586164
1685,Q3   2021,R1H,6.645948962
1686,Q3   2021,R1K,6.165742028
1687,Q3   2021,RA2,5.279789236
1688,Q3   2021,RA4,6.776009149
1689,Q3   2021,RA7,6.576126491
1690,Q3   2021,RA9,7.076082257
1691,Q3   2021,RAE,5.621302818
1692,Q3   2021,RAJ,6.1609825
1693,Q3   2021,RAL,6.38256691
1694,Q3   2021,RAP,7.32596991
1695,Q3   2021,RAS,6.449886473
1696,Q3   2021,RAX,6.015106235
1697,Q3   2021,RBK,6.269619304
1698,Q3   2021,RBL,6.659785764
1699,Q3   2021,RBN,6.286972664
1700,Q3   2021,RBT,6.768143868
1701,Q3   2021,RBZ,5.740126912
1702,Q3   2021,RC9,5.538082067
1703,Q3   2021,RCB,5.926540726
1704,Q3   2021,RCD,6.592054536
1705,Q3   2021,RCF,6.121769338
1706,Q3   2021,RCX,6.50812249
1707,Q3   2021,RD1,5.908019944
1708,Q3   2021,RD8,6.374260173
1709,Q3   2021,RDE,6.041520078
1710,Q3   2021,RDU,6.590096084
1711,Q3   2021,REF,6.192977315
1712,Q3   2021,REM,7.48568438
1713,Q3   2021,RF4,6.529976084
1714,Q3   2021,RFF,5.203128605
1715,Q3   2021,RFR,5.855561944
1716,Q3   2021,RFS,5.09016121
1717,Q3   2021,RGN,6.856570904
1718,Q3   2021,RGP,7.650836424
1719,Q3   2021,RGR,6.781216597
1720,Q3   2021,RGT,8.168734992
1721,Q3   2021,RH5,8.062781873
1722,Q3   2021,RH8,6.557716593
1723,Q3   2021,RHM,6.603067237
1724,Q3   2021,RHQ,6.919142973
1725,Q3   2021,RHU,6.39982727
1726,Q3   2021,RHW,5.554302068
1727,Q3   2021,RJ1,5.887125681
1728,Q3   2021,RJ2,6.711529196
1729,Q3   2021,RJ6,7.325799904
1730,Q3   2021,RJ7,7.52363608
1731,Q3   2021,RJC,6.111388189
1732,Q3   2021,RJE,6.488172921
1733,Q3   2021,RJL,6.622429792
1734,Q3   2021,RJN,7.974574172
1735,Q3   2021,RJR,7.982116914
1736,Q3   2021,RJZ,7.932170828
1737,Q3   2021,RK5,6.094004374
1738,Q3   2021,RK9,7.407576317
1739,Q3   2021,RKB,6.27322544
1740,Q3   2021,RKE,6.85103402
1741,Q3   2021,RL4,6.676715912
1742,Q3   2021,RLQ,6.634185765
1743,Q3   2021,RLT,6.932646277
1744,Q3   2021,RM1,6.511219394
1745,Q3   2021,RM3,9.109994524
1746,Q3   2021,RMC,6.345949552
1747,Q3   2021,RMP,6.06846783
1748,Q3   2021,RN3,5.781270202
1749,Q3   2021,RN5,5.451236109
1750,Q3   2021,RN7,6.235250792
1751,Q3   2021,RNA,6.692306097
1752,Q3   2021,RNN,7.380346544
1753,Q3   2021,RNQ,7.289089232
1754,Q3   2021,RNS,6.581286372
1755,Q3   2021,RNZ,7.274358924
1756,Q3   2021,RP5,7.13841626
1757,Q3   2021,RPA,6.344042369
1758,Q3   2021,RQM,5.931291895
1759,Q3   2021,RQW,6.553067849
1760,Q3   2021,RQX,6.044483386
1761,Q3   2021,RR7,6.571288687
1762,Q3   2021,RR8,7.729709546
1763,Q3   2021,RRF,5.318134455
1764,Q3   2021,RRK,6.640329744
1765,Q3   2021,RRV,6.82451206
1766,Q3   2021,RTD,6.444082793
1767,Q3   2021,RTE,5.994421671
1768,Q3   2021,RTF,5.48932656
1769,Q3   2021,RTG,6.150766999
1770,Q3   2021,RTH,5.953362802
1771,Q3   2021,RTK,5.946929662
1772,Q3   2021,RTP,6.937294927
1773,Q3   2021,RTR,6.495984636
1774,Q3   2021,RTX,6.55434649
1775,Q3   2021,RVJ,7.109065981
1776,Q3   2021,RVR,6.245608024
1777,Q3   2021,RVV,6.154652486
1778,Q3   2021,RVW,5.417858302
1779,Q3   2021,RVY,6.372814054
1780,Q3   2021,RWA,6.478469858
1781,Q3   2021,RWD,6.830949234
1782,Q3   2021,RWE,6.348407551
1783,Q3   2021,RWF,5.442730259
1784,Q3   2021,RWG,5.802160843
1785,Q3   2021,RWH,5.994725459
1786,Q3   2021,RWJ,6.146227606
1787,Q3   2021,RWP,5.626664787
1788,Q3   2021,RWW,6.869909733
1789,Q3   2021,RWY,5.733898155
1790,Q3   2021,RX1,6.539228342
1791,Q3   2021,RXC,7.134102382
1792,Q3   2021,RXF,6.352847452
1793,Q3   2021,RXK,5.756896136
1794,Q3   2021,RXL,7.535607153
1795,Q3   2021,RXN,7.773923204
1796,Q3   2021,RXP,6.212149638
1797,Q3   2021,RXQ,7.127332439
1798,Q3   2021,RXR,6.724745344
1799,Q3   2021,RXW,6.071363395
1800,Q3   2021,RYJ,6.772349205
1801,Q3   2021,RYR,7.20154299
1802,Q3   2022,R0A,8.006701189
1803,Q3   2022,R0B,7.15403619
1804,Q3   2022,R0D,0
1805,Q3   2022,R1F,7.793251487
1806,Q3   2022,R1H,7.432186481
1807,Q3   2022,R1K,6.66495806
1808,Q3   2022,RA2,6.612464287
1809,Q3   2022,RA4,7.73725056
1810,Q3   2022,RA7,7.118145076
1811,Q3   2022,RA9,7.037925864
1812,Q3   2022,RAE,6.138202523
1813,Q3   2022,RAJ,7.348248392
1814,Q3   2022,RAL,7.283105291
1815,Q3   2022,RAP,9.183769812
1816,Q3   2022,RAS,6.527070286
1817,Q3   2022,RAX,7.3922411
1818,Q3   2022,RBK,6.513965874
1819,Q3   2022,RBL,7.912422926
1820,Q3   2022,RBN,7.081884251
1821,Q3   2022,RBT,7.253822053
1822,Q3   2022,RC9,6.465188757
1823,Q3   2022,RCB,7.273400146
1824,Q3   2022,RCD,8.007067264
1825,Q3   2022,RCF,6.323450066
1826,Q3   2022,RCX,8.218827325
1827,Q3   2022,RD1,6.5311297
1828,Q3   2022,RD8,7.593635973
1829,Q3   2022,RDE,7.116308879
1830,Q3   2022,REF,6.988478006
1831,Q3   2022,REM,8.164095163
1832,Q3   2022,RF4,7.101857234
1833,Q3   2022,RFF,5.714445499
1834,Q3   2022,RFR,6.638641575
1835,Q3   2022,RFS,6.226054014
1836,Q3   2022,RGN,7.83002125
1837,Q3   2022,RGP,8.447013215
1838,Q3   2022,RGR,7.394018893
1839,Q3   2022,RGT,8.830434302
1840,Q3   2022,RH5,9.675438356
1841,Q3   2022,RH8,7.298629239
1842,Q3   2022,RHM,7.15358511
1843,Q3   2022,RHQ,7.608714581
1844,Q3   2022,RHU,6.800846682
1845,Q3   2022,RHW,6.05475498
1846,Q3   2022,RJ1,6.457604802
1847,Q3   2022,RJ2,7.874552894
1848,Q3   2022,RJ6,9.010599254
1849,Q3   2022,RJ7,8.838171971
1850,Q3   2022,RJC,6.739195688
1851,Q3   2022,RJE,6.876868795
1852,Q3   2022,RJL,6.99143336
1853,Q3   2022,RJN,10.09066132
1854,Q3   2022,RJR,8.294765039
1855,Q3   2022,RJZ,8.39367771
1856,Q3   2022,RK5,7.363306409
1857,Q3   2022,RK9,8.924036232
1858,Q3   2022,RKB,6.933863504
1859,Q3   2022,RKE,8.420689673
1860,Q3   2022,RL4,6.929574034
1861,Q3   2022,RLQ,7.416114349
1862,Q3   2022,RLT,7.813947716
1863,Q3   2022,RM1,7.708241759
1864,Q3   2022,RM3,8.370583382
1865,Q3   2022,RMC,7.483560509
1866,Q3   2022,RMP,7.420268472
1867,Q3   2022,RN3,6.701186865
1868,Q3   2022,RN5,6.775208454
1869,Q3   2022,RN7,7.289667328
1870,Q3   2022,RNA,7.621672619
1871,Q3   2022,RNN,8.874333166
1872,Q3   2022,RNQ,7.700617514
1873,Q3   2022,RNS,7.987677173
1874,Q3   2022,RNZ,9.046083345
1875,Q3   2022,RP5,7.401241662
1876,Q3   2022,RPA,7.266960282
1877,Q3   2022,RQM,7.068715097
1878,Q3   2022,RQW,7.831053192
1879,Q3   2022,RQX,6.811877671
1880,Q3   2022,RR7,7.86260614
1881,Q3   2022,RR8,8.421838293
1882,Q3   2022,RRF,6.494844884
1883,Q3   2022,RRK,6.884007633
1884,Q3   2022,RRV,7.23201429
1885,Q3   2022,RTD,7.001600536
1886,Q3   2022,RTE,7.305028693
1887,Q3   2022,RTF,5.900400346
1888,Q3   2022,RTG,7.138623864
1889,Q3   2022,RTH,6.684584458
1890,Q3   2022,RTK,6.100964944
1891,Q3   2022,RTP,7.708179886
1892,Q3   2022,RTX,8.07529858
1893,Q3   2022,RVJ,7.469085346
1894,Q3   2022,RVR,7.442116759
1895,Q3   2022,RVV,7.77279004
1896,Q3   2022,RVW,5.526899477
1897,Q3   2022,RVY,7.811145878
1898,Q3   2022,RWA,7.690001853
1899,Q3   2022,RWD,7.489506102
1900,Q3   2022,RWE,6.654004788
1901,Q3   2022,RWF,6.20727739
1902,Q3   2022,RWG,6.506078334
1903,Q3   2022,RWH,6.177337828
1904,Q3   2022,RWJ,7.769213286
1905,Q3   2022,RWP,6.242236736
1906,Q3   2022,RWW,7.261499799
1907,Q3   2022,RWY,6.162654928
1908,Q3   2022,RX1,7.620965857
1909,Q3   2022,RXC,8.407891292
1910,Q3   2022,RXF,6.685462996
1911,Q3   2022,RXK,6.228097067
1912,Q3   2022,RXL,9.048177199
1913,Q3   2022,RXN,8.284709029
1914,Q3   2022,RXP,6.678706835
1915,Q3   2022,RXQ,7.987425202
1916,Q3   2022,RXR,7.625364924
1917,Q3   2022,RXW,6.945549441
1918,Q3   2022,RYJ,7.142121583
1919,Q3   2022,RYR,8.419527154
1920,Q4   2018,R0A,7.45643474
1921,Q4   2018,R1F,8.46062192
1922,Q4   2018,R1H,6.58269901
1923,Q4   2018,R1K,6.939963208
1924,Q4   2018,RA2,5.751432769
1925,Q4   2018,RA4,6.041219262
1926,Q4   2018,RA7,5.961233338
1927,Q4   2018,RA9,5.58588538
1928,Q4   2018,RAE,4.976882702
1929,Q4   2018,RAJ,5.241748572
1930,Q4   2018,RAL,6.342495617
1931,Q4   2018,RAP,6.546412966
1932,Q4   2018,RAS,6.030881139
1933,Q4   2018,RAX,5.272244184
1934,Q4   2018,RBK,6.285074451
1935,Q4   2018,RBL,6.734530885
1936,Q4   2018,RBN,5.962723653
1937,Q4   2018,RBT,6.897909486
1938,Q4   2018,RBZ,5.194452298
1939,Q4   2018,RC9,6.050055067
1940,Q4   2018,RCB,6.675311395
1941,Q4   2018,RCD,6.45336228
1942,Q4   2018,RCF,6.444839949
1943,Q4   2018,RCX,5.837181438
1944,Q4   2018,RD1,6.076988052
1945,Q4   2018,RD8,6.819679394
1946,Q4   2018,RDE,6.244105421
1947,Q4   2018,RDU,6.151409317
1948,Q4   2018,REF,5.575982004
1949,Q4   2018,REM,6.570345951
1950,Q4   2018,RF4,6.587710856
1951,Q4   2018,RFF,4.669370008
1952,Q4   2018,RFR,5.287656829
1953,Q4   2018,RFS,5.505669918
1954,Q4   2018,RGN,5.885029056
1955,Q4   2018,RGP,6.539773827
1956,Q4   2018,RGR,6.196393081
1957,Q4   2018,RGT,7.252740265
1958,Q4   2018,RH5,39.24983527
1959,Q4   2018,RH8,6.520078498
1960,Q4   2018,RHM,7.109933542
1961,Q4   2018,RHQ,6.684822485
1962,Q4   2018,RHU,6.869432705
1963,Q4   2018,RHW,5.933777725
1964,Q4   2018,RJ1,5.689471353
1965,Q4   2018,RJ2,7.008513785
1966,Q4   2018,RJ6,6.993638738
1967,Q4   2018,RJ7,6.397727005
1968,Q4   2018,RJC,6.18419235
1969,Q4   2018,RJE,6.337726554
1970,Q4   2018,RJL,6.403499913
1971,Q4   2018,RJN,7.512952553
1972,Q4   2018,RJR,7.772457618
1973,Q4   2018,RJZ,7.521518012
1974,Q4   2018,RK5,6.436009498
1975,Q4   2018,RK9,6.090686696
1976,Q4   2018,RKB,6.674294122
1977,Q4   2018,RKE,6.806604395
1978,Q4   2018,RL4,7.418637522
1979,Q4   2018,RLQ,6.634931097
1980,Q4   2018,RLT,6.463211804
1981,Q4   2018,RM1,5.857476511
1982,Q4   2018,RM3,8.162743984
1983,Q4   2018,RMC,5.90584018
1984,Q4   2018,RMP,6.33185857
1985,Q4   2018,RN3,5.735905282
1986,Q4   2018,RN5,6.61578356
1987,Q4   2018,RN7,6.660777993
1988,Q4   2018,RNA,6.321796777
1989,Q4   2018,RNN,43.33996495
1990,Q4   2018,RNQ,7.157554579
1991,Q4   2018,RNS,6.739491877
1992,Q4   2018,RNZ,6.763046682
1993,Q4   2018,RP5,6.12319086
1994,Q4   2018,RPA,6.166336518
1995,Q4   2018,RQM,5.843838423
1996,Q4   2018,RQW,6.293816225
1997,Q4   2018,RQX,5.818874696
1998,Q4   2018,RR7,6.929791446
1999,Q4   2018,RR8,7.80778103
2000,Q4   2018,RRF,4.956172099
2001,Q4   2018,RRK,6.394715748
2002,Q4   2018,RRV,6.798500564
2003,Q4   2018,RTD,6.400552704
2004,Q4   2018,RTE,5.65388646
2005,Q4   2018,RTF,6.316254591
2006,Q4   2018,RTG,5.991955054
2007,Q4   2018,RTH,5.287071109
2008,Q4   2018,RTK,5.540824705
2009,Q4   2018,RTP,7.106963498
2010,Q4   2018,RTR,6.268163074
2011,Q4   2018,RTX,6.816381698
2012,Q4   2018,RVJ,6.736060114
2013,Q4   2018,RVR,6.494745272
2014,Q4   2018,RVV,6.174494839
2015,Q4   2018,RVW,5.266212184
2016,Q4   2018,RVY,6.758832114
2017,Q4   2018,RWA,5.961478478
2018,Q4   2018,RWD,6.46584821
2019,Q4   2018,RWE,5.947383251
2020,Q4   2018,RWF,5.935430499
2021,Q4   2018,RWG,6.382817571
2022,Q4   2018,RWH,5.383490116
2023,Q4   2018,RWJ,6.764438825
2024,Q4   2018,RWP,6.091703576
2025,Q4   2018,RWW,6.750418815
2026,Q4   2018,RWY,5.473182459
2027,Q4   2018,RX1,6.414936509
2028,Q4   2018,RXC,7.252131197
2029,Q4   2018,RXF,6.474120412
2030,Q4   2018,RXK,5.458665334
2031,Q4   2018,RXL,7.760859284
2032,Q4   2018,RXN,7.008258083
2033,Q4   2018,RXP,5.948980763
2034,Q4   2018,RXQ,7.314855511
2035,Q4   2018,RXR,6.838469681
2036,Q4   2018,RXW,5.704833266
2037,Q4   2018,RYJ,6.614894994
2038,Q4   2018,RYR,6.870667822
2039,Q4   2019,R0A,7.218269105
2040,Q4   2019,R0B,6.865753331
2041,Q4   2019,R1F,8.145684707
2042,Q4   2019,R1H,6.587278122
2043,Q4   2019,R1K,6.821807869
2044,Q4   2019,RA2,5.619182616
2045,Q4   2019,RA4,6.329656266
2046,Q4   2019,RA7,6.182701504
2047,Q4   2019,RA9,5.672867526
2048,Q4   2019,RAE,4.994949377
2049,Q4   2019,RAJ,5.74069992
2050,Q4   2019,RAL,6.796142397
2051,Q4   2019,RAP,6.642327212
2052,Q4   2019,RAS,6.378308709
2053,Q4   2019,RAX,5.531734633
2054,Q4   2019,RBK,6.330723829
2055,Q4   2019,RBL,7.346095559
2056,Q4   2019,RBN,5.950574841
2057,Q4   2019,RBT,6.942976407
2058,Q4   2019,RBZ,5.330014023
2059,Q4   2019,RC9,5.842808265
2060,Q4   2019,RCB,6.299001836
2061,Q4   2019,RCD,6.55543517
2062,Q4   2019,RCF,6.578157856
2063,Q4   2019,RCX,5.650850898
2064,Q4   2019,RD1,6.199883221
2065,Q4   2019,RD8,7.002551366
2066,Q4   2019,RDE,6.175574335
2067,Q4   2019,RDU,6.236473579
2068,Q4   2019,REF,5.80349518
2069,Q4   2019,REM,6.766038045
2070,Q4   2019,RF4,6.872593055
2071,Q4   2019,RFF,4.592212267
2072,Q4   2019,RFR,5.54434452
2073,Q4   2019,RFS,5.823569581
2074,Q4   2019,RGN,6.386637337
2075,Q4   2019,RGP,7.2563956
2076,Q4   2019,RGR,6.153857462
2077,Q4   2019,RGT,7.216519462
2078,Q4   2019,RH5,45.56496252
2079,Q4   2019,RH8,6.704346186
2080,Q4   2019,RHM,7.076248218
2081,Q4   2019,RHQ,6.399426598
2082,Q4   2019,RHU,6.661915299
2083,Q4   2019,RHW,5.890416089
2084,Q4   2019,RJ1,5.727878975
2085,Q4   2019,RJ2,7.110639318
2086,Q4   2019,RJ6,7.396629031
2087,Q4   2019,RJ7,6.637233144
2088,Q4   2019,RJC,6.629544932
2089,Q4   2019,RJE,6.559527152
2090,Q4   2019,RJL,6.374145364
2091,Q4   2019,RJN,7.652301676
2092,Q4   2019,RJR,7.466865569
2093,Q4   2019,RJZ,7.315612887
2094,Q4   2019,RK5,5.748813432
2095,Q4   2019,RK9,6.475996671
2096,Q4   2019,RKB,6.98341573
2097,Q4   2019,RKE,7.245842166
2098,Q4   2019,RL4,7.139547446
2099,Q4   2019,RLQ,6.123895809
2100,Q4   2019,RLT,7.155713093
2101,Q4   2019,RM1,6.238750145
2102,Q4   2019,RM3,8.555094389
2103,Q4   2019,RMC,6.372045921
2104,Q4   2019,RMP,6.395688955
2105,Q4   2019,RN3,6.272395978
2106,Q4   2019,RN5,6.366323591
2107,Q4   2019,RN7,6.414489033
2108,Q4   2019,RNA,6.31716994
2109,Q4   2019,RNN,7.270449393
2110,Q4   2019,RNQ,7.036329624
2111,Q4   2019,RNS,6.902858062
2112,Q4   2019,RNZ,7.082767164
2113,Q4   2019,RP5,5.837894174
2114,Q4   2019,RPA,6.393081814
2115,Q4   2019,RQM,5.976529101
2116,Q4   2019,RQW,6.352446658
2117,Q4   2019,RQX,5.786979987
2118,Q4   2019,RR7,6.767635687
2119,Q4   2019,RR8,7.548609453
2120,Q4   2019,RRF,5.097398138
2121,Q4   2019,RRK,6.604818091
2122,Q4   2019,RRV,6.807566448
2123,Q4   2019,RTD,6.461075208
2124,Q4   2019,RTE,5.618005568
2125,Q4   2019,RTF,5.912930681
2126,Q4   2019,RTG,6.135430337
2127,Q4   2019,RTH,5.601775188
2128,Q4   2019,RTK,5.936412546
2129,Q4   2019,RTP,7.18586404
2130,Q4   2019,RTR,6.64844857
2131,Q4   2019,RTX,6.73824371
2132,Q4   2019,RVJ,6.403504673
2133,Q4   2019,RVR,5.866153523
2134,Q4   2019,RVV,6.396422609
2135,Q4   2019,RVW,5.443995739
2136,Q4   2019,RVY,6.704773069
2137,Q4   2019,RWA,6.016228084
2138,Q4   2019,RWD,6.171870067
2139,Q4   2019,RWE,5.850992962
2140,Q4   2019,RWF,5.692994604
2141,Q4   2019,RWG,6.111484785
2142,Q4   2019,RWH,5.338328279
2143,Q4   2019,RWJ,7.017450169
2144,Q4   2019,RWP,6.072388643
2145,Q4   2019,RWW,6.491967286
2146,Q4   2019,RWY,5.596577776
2147,Q4   2019,RX1,6.636717106
2148,Q4   2019,RXC,6.771224525
2149,Q4   2019,RXF,6.469133735
2150,Q4   2019,RXK,5.904214905
2151,Q4   2019,RXL,7.499818267
2152,Q4   2019,RXN,7.162348959
2153,Q4   2019,RXP,5.967519819
2154,Q4   2019,RXQ,7.550512664
2155,Q4   2019,RXR,6.851985314
2156,Q4   2019,RXW,5.844478346
2157,Q4   2019,RYJ,6.778408322
2158,Q4   2019,RYR,6.916626665
2159,Q4   2020,R0A,7.253374103
2160,Q4   2020,R0B,5.890158058
2161,Q4   2020,R0D,0
2162,Q4   2020,R1F,6.346868951
2163,Q4   2020,R1H,6.190019515
2164,Q4   2020,R1K,6.382111531
2165,Q4   2020,RA2,5.150679547
2166,Q4   2020,RA4,6.829293245
2167,Q4   2020,RA7,6.406341801
2168,Q4   2020,RA9,5.686794309
2169,Q4   2020,RAE,5.538510413
2170,Q4   2020,RAJ,6.036838332
2171,Q4   2020,RAL,6.074341417
2172,Q4   2020,RAP,6.946218536
2173,Q4   2020,RAS,5.961137182
2174,Q4   2020,RAX,5.73960442
2175,Q4   2020,RBK,5.706206454
2176,Q4   2020,RBL,6.662618459
2177,Q4   2020,RBN,5.815491565
2178,Q4   2020,RBT,6.415066713
2179,Q4   2020,RBZ,5.476348245
2180,Q4   2020,RC9,5.819170173
2181,Q4   2020,RCB,5.816679832
2182,Q4   2020,RCD,5.749598461
2183,Q4   2020,RCF,6.487528588
2184,Q4   2020,RCX,6.637340191
2185,Q4   2020,RD1,5.806964004
2186,Q4   2020,RD8,6.134162006
2187,Q4   2020,RDE,5.824370602
2188,Q4   2020,RDU,6.28869025
2189,Q4   2020,REF,5.756718995
2190,Q4   2020,REM,7.491681811
2191,Q4   2020,RF4,6.443162064
2192,Q4   2020,RFF,5.656275011
2193,Q4   2020,RFR,6.089245597
2194,Q4   2020,RFS,5.156155689
2195,Q4   2020,RGN,7.088328519
2196,Q4   2020,RGP,7.78947254
2197,Q4   2020,RGR,6.946419402
2198,Q4   2020,RGT,7.704900769
2199,Q4   2020,RH5,8.145628269
2200,Q4   2020,RH8,6.437814336
2201,Q4   2020,RHM,6.200641128
2202,Q4   2020,RHQ,7.080500334
2203,Q4   2020,RHU,6.079767762
2204,Q4   2020,RHW,5.516943718
2205,Q4   2020,RJ1,6.121053956
2206,Q4   2020,RJ2,6.606326935
2207,Q4   2020,RJ6,7.325664276
2208,Q4   2020,RJ7,6.999615806
2209,Q4   2020,RJC,5.985824946
2210,Q4   2020,RJE,6.40650445
2211,Q4   2020,RJL,6.641100228
2212,Q4   2020,RJN,7.200524832
2213,Q4   2020,RJR,7.855578378
2214,Q4   2020,RJZ,7.45508788
2215,Q4   2020,RK5,5.532656607
2216,Q4   2020,RK9,6.757109933
2217,Q4   2020,RKB,6.132241434
2218,Q4   2020,RKE,6.299621106
2219,Q4   2020,RL4,6.925685912
2220,Q4   2020,RLQ,6.097143846
2221,Q4   2020,RLT,6.133842424
2222,Q4   2020,RM1,6.262877695
2223,Q4   2020,RM3,8.250226194
2224,Q4   2020,RMC,6.336284019
2225,Q4   2020,RMP,5.97414999
2226,Q4   2020,RN3,5.879923055
2227,Q4   2020,RN5,6.046448119
2228,Q4   2020,RN7,6.3956133
2229,Q4   2020,RNA,6.557400734
2230,Q4   2020,RNN,7.770940051
2231,Q4   2020,RNQ,6.834510324
2232,Q4   2020,RNS,6.688803729
2233,Q4   2020,RNZ,7.602608693
2234,Q4   2020,RP5,7.03287162
2235,Q4   2020,RPA,6.20939852
2236,Q4   2020,RQM,5.74034275
2237,Q4   2020,RQW,5.959981301
2238,Q4   2020,RQX,5.830872725
2239,Q4   2020,RR7,6.655109855
2240,Q4   2020,RR8,7.53231143
2241,Q4   2020,RRF,5.61730511
2242,Q4   2020,RRK,6.401877668
2243,Q4   2020,RRV,7.08194027
2244,Q4   2020,RTD,6.089110964
2245,Q4   2020,RTE,5.863395923
2246,Q4   2020,RTF,5.521896688
2247,Q4   2020,RTG,6.045780744
2248,Q4   2020,RTH,5.828478453
2249,Q4   2020,RTK,6.230928624
2250,Q4   2020,RTP,6.563540707
2251,Q4   2020,RTR,6.418771477
2252,Q4   2020,RTX,7.209662828
2253,Q4   2020,RVJ,6.685617918
2254,Q4   2020,RVR,5.989355127
2255,Q4   2020,RVV,6.014031762
2256,Q4   2020,RVW,5.583369064
2257,Q4   2020,RVY,6.473106384
2258,Q4   2020,RWA,6.432910435
2259,Q4   2020,RWD,6.688680259
2260,Q4   2020,RWE,5.952597227
2261,Q4   2020,RWF,5.460864179
2262,Q4   2020,RWG,6.019417683
2263,Q4   2020,RWH,5.596173417
2264,Q4   2020,RWJ,6.884324223
2265,Q4   2020,RWP,5.172735641
2266,Q4   2020,RWW,6.982205163
2267,Q4   2020,RWY,5.629472045
2268,Q4   2020,RX1,6.530137427
2269,Q4   2020,RXC,6.680764904
2270,Q4   2020,RXF,6.049431824
2271,Q4   2020,RXK,5.950743731
2272,Q4   2020,RXL,7.913946602
2273,Q4   2020,RXN,7.034302915
2274,Q4   2020,RXP,5.885742266
2275,Q4   2020,RXQ,7.121387042
2276,Q4   2020,RXR,6.991244727
2277,Q4   2020,RXW,5.726410954
2278,Q4   2020,RYJ,6.793266258
2279,Q4   2020,RYR,6.428662749
2280,Q4   2021,R0A,6.989772887
2281,Q4   2021,R0B,6.369635449
2282,Q4   2021,R0D,0
2283,Q4   2021,R1F,6.997361628
2284,Q4   2021,R1H,6.999262345
2285,Q4   2021,R1K,6.441438542
2286,Q4   2021,RA2,5.663250529
2287,Q4   2021,RA4,7.141390661
2288,Q4   2021,RA7,6.875464136
2289,Q4   2021,RA9,7.399239811
2290,Q4   2021,RAE,5.784312169
2291,Q4   2021,RAJ,6.680075065
2292,Q4   2021,RAL,6.649168099
2293,Q4   2021,RAP,7.723685904
2294,Q4   2021,RAS,6.548625168
2295,Q4   2021,RAX,6.531365425
2296,Q4   2021,RBK,5.999241116
2297,Q4   2021,RBL,7.267608576
2298,Q4   2021,RBN,6.503475034
2299,Q4   2021,RBT,7.16461992
2300,Q4   2021,RBZ,6.190365792
2301,Q4   2021,RC9,6.098506106
2302,Q4   2021,RCB,6.454313676
2303,Q4   2021,RCD,7.542343458
2304,Q4   2021,RCF,6.393391745
2305,Q4   2021,RCX,6.556734726
2306,Q4   2021,RD1,5.962576111
2307,Q4   2021,RD8,6.636232164
2308,Q4   2021,RDE,6.653874318
2309,Q4   2021,RDU,6.992440529
2310,Q4   2021,REF,7.085215322
2311,Q4   2021,REM,7.583090966
2312,Q4   2021,RF4,6.78808455
2313,Q4   2021,RFF,5.368840045
2314,Q4   2021,RFR,6.171402002
2315,Q4   2021,RFS,5.354050421
2316,Q4   2021,RGN,7.162176607
2317,Q4   2021,RGP,8.377336852
2318,Q4   2021,RGR,7.419304431
2319,Q4   2021,RGT,7.994679326
2320,Q4   2021,RH5,9.710583963
2321,Q4   2021,RH8,6.823124015
2322,Q4   2021,RHM,6.806562386
2323,Q4   2021,RHQ,7.236666097
2324,Q4   2021,RHU,6.604351558
2325,Q4   2021,RHW,5.761935817
2326,Q4   2021,RJ1,6.260500148
2327,Q4   2021,RJ2,7.20109372
2328,Q4   2021,RJ6,9.21963767
2329,Q4   2021,RJ7,8.086213174
2330,Q4   2021,RJC,6.590904982
2331,Q4   2021,RJE,6.734199539
2332,Q4   2021,RJL,6.379335578
2333,Q4   2021,RJN,9.178124961
2334,Q4   2021,RJR,8.332190066
2335,Q4   2021,RJZ,7.832364168
2336,Q4   2021,RK5,6.398827756
2337,Q4   2021,RK9,8.289709642
2338,Q4   2021,RKB,6.551494974
2339,Q4   2021,RKE,7.224857706
2340,Q4   2021,RL4,6.874325901
2341,Q4   2021,RLQ,7.023747721
2342,Q4   2021,RLT,7.45330732
2343,Q4   2021,RM1,7.254820361
2344,Q4   2021,RM3,7.517099758
2345,Q4   2021,RMC,6.354102712
2346,Q4   2021,RMP,7.021152748
2347,Q4   2021,RN3,6.147684187
2348,Q4   2021,RN5,6.017970435
2349,Q4   2021,RN7,6.829583739
2350,Q4   2021,RNA,7.099774723
2351,Q4   2021,RNN,7.576201283
2352,Q4   2021,RNQ,8.060016733
2353,Q4   2021,RNS,7.09782979
2354,Q4   2021,RNZ,7.930047648
2355,Q4   2021,RP5,6.767096838
2356,Q4   2021,RPA,6.830573479
2357,Q4   2021,RQM,6.533777354
2358,Q4   2021,RQW,6.495397103
2359,Q4   2021,RQX,6.039049522
2360,Q4   2021,RR7,6.854342048
2361,Q4   2021,RR8,7.532506681
2362,Q4   2021,RRF,5.531339057
2363,Q4   2021,RRK,6.862929697
2364,Q4   2021,RRV,6.918792474
2365,Q4   2021,RTD,6.739976076
2366,Q4   2021,RTE,6.787650423
2367,Q4   2021,RTF,5.834611243
2368,Q4   2021,RTG,6.270115021
2369,Q4   2021,RTH,6.321066338
2370,Q4   2021,RTK,6.288635977
2371,Q4   2021,RTP,7.428178602
2372,Q4   2021,RTR,6.653831202
2373,Q4   2021,RTX,6.879354471
2374,Q4   2021,RVJ,7.12255023
2375,Q4   2021,RVR,6.554462609
2376,Q4   2021,RVV,6.5822775
2377,Q4   2021,RVW,5.361085563
2378,Q4   2021,RVY,6.717716015
2379,Q4   2021,RWA,6.937340641
2380,Q4   2021,RWD,7.119474515
2381,Q4   2021,RWE,6.676187694
2382,Q4   2021,RWF,5.771081969
2383,Q4   2021,RWG,6.058933512
2384,Q4   2021,RWH,6.272434182
2385,Q4   2021,RWJ,7.24570489
2386,Q4   2021,RWP,5.91076009
2387,Q4   2021,RWW,7.165189231
2388,Q4   2021,RWY,6.023077996
2389,Q4   2021,RX1,6.988009754
2390,Q4   2021,RXC,7.73702647
2391,Q4   2021,RXF,6.618544891
2392,Q4   2021,RXK,6.137733467
2393,Q4   2021,RXL,8.236939069
2394,Q4   2021,RXN,7.690549435
2395,Q4   2021,RXP,6.313790143
2396,Q4   2021,RXQ,7.565152614
2397,Q4   2021,RXR,6.888016288
2398,Q4   2021,RXW,6.383730067
2399,Q4   2021,RYJ,7.183215885
2400,Q4   2021,RYR,7.773194933
2401,Q4   2022,R0A,8.729835098
2402,Q4   2022,R0B,7.440612473
2403,Q4   2022,R0D,0
2404,Q4   2022,R1F,9.464072032
2405,Q4   2022,R1H,8.021777906
2406,Q4   2022,R1K,6.83602955
2407,Q4   2022,RA2,6.675640947
2408,Q4   2022,RA4,7.774978661
2409,Q4   2022,RA7,7.298841644
2410,Q4   2022,RA9,7.006161914
2411,Q4   2022,RAE,6.337676005
2412,Q4   2022,RAJ,7.835738713
2413,Q4   2022,RAL,7.576985594
2414,Q4   2022,RAP,9.087286001
2415,Q4   2022,RAS,7.071993922
2416,Q4   2022,RAX,7.114159288
2417,Q4   2022,RBK,6.541319051
2418,Q4   2022,RBL,7.830727853
2419,Q4   2022,RBN,6.911769075
2420,Q4   2022,RBT,7.529888698
2421,Q4   2022,RC9,6.532304744
2422,Q4   2022,RCB,7.04260863
2423,Q4   2022,RCD,7.604369862
2424,Q4   2022,RCF,6.703197815
2425,Q4   2022,RCX,8.657948618
2426,Q4   2022,RD1,6.438894642
2427,Q4   2022,RD8,7.823991314
2428,Q4   2022,RDE,7.102216093
2429,Q4   2022,REF,7.126539052
2430,Q4   2022,REM,8.52741983
2431,Q4   2022,RF4,7.563707439
2432,Q4   2022,RFF,5.95526504
2433,Q4   2022,RFR,6.351648253
2434,Q4   2022,RFS,6.805393813
2435,Q4   2022,RGN,7.732965355
2436,Q4   2022,RGP,9.2124346
2437,Q4   2022,RGR,8.002217745
2438,Q4   2022,RGT,8.884813076
2439,Q4   2022,RH5,9.627039023
2440,Q4   2022,RH8,7.264746944
2441,Q4   2022,RHM,7.304888748
2442,Q4   2022,RHQ,7.40569221
2443,Q4   2022,RHU,6.924427939
2444,Q4   2022,RHW,6.174854004
2445,Q4   2022,RJ1,6.552462979
2446,Q4   2022,RJ2,8.109438055
2447,Q4   2022,RJ6,8.768139485
2448,Q4   2022,RJ7,8.550975526
2449,Q4   2022,RJC,6.931484421
2450,Q4   2022,RJE,6.926539772
2451,Q4   2022,RJL,6.624349064
2452,Q4   2022,RJN,10.10859142
2453,Q4   2022,RJR,8.753236584
2454,Q4   2022,RJZ,8.695945803
2455,Q4   2022,RK5,7.389312047
2456,Q4   2022,RK9,8.974657273
2457,Q4   2022,RKB,6.933796372
2458,Q4   2022,RKE,8.185000454
2459,Q4   2022,RL4,6.84281101
2460,Q4   2022,RLQ,7.480191411
2461,Q4   2022,RLT,7.891481781
2462,Q4   2022,RM1,8.048393987
2463,Q4   2022,RM3,8.22203704
2464,Q4   2022,RMC,7.532464862
2465,Q4   2022,RMP,7.011114872
2466,Q4   2022,RN3,6.492908864
2467,Q4   2022,RN5,7.254659302
2468,Q4   2022,RN7,7.404129855
2469,Q4   2022,RNA,7.271008881
2470,Q4   2022,RNN,8.826967718
2471,Q4   2022,RNQ,7.405198916
2472,Q4   2022,RNS,8.202259348
2473,Q4   2022,RNZ,8.637496728
2474,Q4   2022,RP5,7.221728363
2475,Q4   2022,RPA,7.922843438
2476,Q4   2022,RQM,6.867258575
2477,Q4   2022,RQW,7.584021507
2478,Q4   2022,RQX,6.439876344
2479,Q4   2022,RR7,8.078017661
2480,Q4   2022,RR8,8.95110068
2481,Q4   2022,RRF,6.547688363
2482,Q4   2022,RRK,6.990741788
2483,Q4   2022,RRV,7.941659392
2484,Q4   2022,RTD,7.104492736
2485,Q4   2022,RTE,7.717086849
2486,Q4   2022,RTF,5.826059689
2487,Q4   2022,RTG,6.913713761
2488,Q4   2022,RTH,6.696778471
2489,Q4   2022,RTK,6.506616987
2490,Q4   2022,RTP,8.966734006
2491,Q4   2022,RTR,7.508517409
2492,Q4   2022,RTX,8.395692626
2493,Q4   2022,RVJ,7.303199675
2494,Q4   2022,RVR,7.241607899
2495,Q4   2022,RVV,8.503165526
2496,Q4   2022,RVW,5.3949696
2497,Q4   2022,RVY,7.93673321
2498,Q4   2022,RWA,7.986374217
2499,Q4   2022,RWD,7.605214753
2500,Q4   2022,RWE,6.755162406
2501,Q4   2022,RWF,6.069113101
2502,Q4   2022,RWG,6.632894606
2503,Q4   2022,RWH,6.290081816
2504,Q4   2022,RWJ,7.387784557
2505,Q4   2022,RWP,6.491243064
2506,Q4   2022,RWW,7.060250443
2507,Q4   2022,RWY,6.143737425
2508,Q4   2022,RX1,7.578936959
2509,Q4   2022,RXC,9.443871885
2510,Q4   2022,RXF,6.884796744
2511,Q4   2022,RXK,6.202113506
2512,Q4   2022,RXL,9.128170456
2513,Q4   2022,RXN,8.224975329
2514,Q4   2022,RXP,6.618684717
2515,Q4   2022,RXQ,8.578737553
2516,Q4   2022,RXR,7.768453881
2517,Q4   2022,RXW,6.859402819
2518,Q4   2022,RYJ,7.692446258
2519,Q4   2022,RYR,9.077788476
