,cal_quarter,PROCODE,los_unadjusted
1,Q1   2018,R0A,8.122709255
2,Q1   2018,R1F,9.364811912
3,Q1   2018,R1H,6.769234826
4,Q1   2018,R1K,7.829647765
5,Q1   2018,RA2,6.001042209
6,Q1   2018,RA4,7.360106383
7,Q1   2018,RA7,7.013881544
8,Q1   2018,RA9,6.241732416
9,Q1   2018,RAE,5.592707686
10,Q1   2018,RAJ,5.974458706
11,Q1   2018,RAL,7.02748182
12,Q1   2018,RAP,7.199958211
13,Q1   2018,RAS,7.336329752
14,Q1   2018,RAX,6.747712418
15,Q1   2018,RBK,7.90732225
16,Q1   2018,RBL,9.849968214
17,Q1   2018,RBN,7.054503729
18,Q1   2018,RBT,8.055881757
19,Q1   2018,RBZ,6.200058841
20,Q1   2018,RC9,7.165572367
21,Q1   2018,RCB,7.447612855
22,Q1   2018,RCD,7.472401233
23,Q1   2018,RCF,6.563687009
24,Q1   2018,RCX,6.692731278
25,Q1   2018,RD1,7.469286794
26,Q1   2018,RD8,7.56062425
27,Q1   2018,RDE,6.101334052
28,Q1   2018,RDU,7.166831781
29,Q1   2018,REF,6.445249095
30,Q1   2018,REM,7.51670658
31,Q1   2018,RF4,7.374962801
32,Q1   2018,RFF,5.831810491
33,Q1   2018,RFR,5.51365564
34,Q1   2018,RFS,6.151791229
35,Q1   2018,RGN,6.406135576
36,Q1   2018,RGP,7.908679928
37,Q1   2018,RGR,6.665218965
38,Q1   2018,RGT,7.815611431
39,Q1   2018,RH5,38.72321429
40,Q1   2018,RH8,7.242406942
41,Q1   2018,RHM,7.834359019
42,Q1   2018,RHQ,7.619180523
43,Q1   2018,RHU,8.610302792
44,Q1   2018,RHW,6.680119776
45,Q1   2018,RJ1,6.1435351
46,Q1   2018,RJ2,8.237487174
47,Q1   2018,RJ6,7.140548393
48,Q1   2018,RJ7,6.876403416
49,Q1   2018,RJC,7.521533072
50,Q1   2018,RJE,8.031993839
51,Q1   2018,RJL,7.039704759
52,Q1   2018,RJN,8.601470588
53,Q1   2018,RJR,8.821378899
54,Q1   2018,RJZ,8.073167022
55,Q1   2018,RK5,7.529482012
56,Q1   2018,RK9,6.90298163
57,Q1   2018,RKB,7.41590692
58,Q1   2018,RKE,7.600928903
59,Q1   2018,RL4,7.886570561
60,Q1   2018,RLQ,7.790326665
61,Q1   2018,RLT,8.116193656
62,Q1   2018,RM1,6.195300042
63,Q1   2018,RM3,8.516679698
64,Q1   2018,RMC,6.927873057
65,Q1   2018,RMP,8.064312442
66,Q1   2018,RN3,6.575368826
67,Q1   2018,RN5,7.704759633
68,Q1   2018,RN7,8.379032258
69,Q1   2018,RNA,6.922241356
70,Q1   2018,RNN,25.08254963
71,Q1   2018,RNQ,8.402278275
72,Q1   2018,RNS,9.317645231
73,Q1   2018,RNZ,7.744623656
74,Q1   2018,RP5,6.471079557
75,Q1   2018,RPA,6.680151339
76,Q1   2018,RQM,6.606302021
77,Q1   2018,RQW,8.361952862
78,Q1   2018,RQX,6.631644622
79,Q1   2018,RR7,7.470064148
80,Q1   2018,RR8,8.9713446
81,Q1   2018,RRF,5.507814848
82,Q1   2018,RRK,7.582439941
83,Q1   2018,RRV,6.689912281
84,Q1   2018,RTD,7.362871646
85,Q1   2018,RTE,6.070067657
86,Q1   2018,RTF,7.543438476
87,Q1   2018,RTG,6.44600939
88,Q1   2018,RTH,6.200736083
89,Q1   2018,RTK,6.549005555
90,Q1   2018,RTP,7.809577465
91,Q1   2018,RTR,6.731449996
92,Q1   2018,RTX,7.461526787
93,Q1   2018,RVJ,7.692578548
94,Q1   2018,RVR,7.60690213
95,Q1   2018,RVV,6.737028788
96,Q1   2018,RVW,6.689298995
97,Q1   2018,RVY,7.893393393
98,Q1   2018,RWA,6.156160912
99,Q1   2018,RWD,6.857772878
100,Q1   2018,RWE,6.847066652
101,Q1   2018,RWF,7.58986285
102,Q1   2018,RWG,7.792004473
103,Q1   2018,RWH,6.381075674
104,Q1   2018,RWJ,8.030627127
105,Q1   2018,RWP,6.900443195
106,Q1   2018,RWW,8.464444875
107,Q1   2018,RWY,6.907044299
108,Q1   2018,RX1,7.307408509
109,Q1   2018,RXC,7.976828385
110,Q1   2018,RXF,7.428353076
111,Q1   2018,RXK,6.672098214
112,Q1   2018,RXL,8.983756607
113,Q1   2018,RXN,8.013040969
114,Q1   2018,RXP,6.87699408
115,Q1   2018,RXQ,8.628024761
116,Q1   2018,RXR,7.543195392
117,Q1   2018,RXW,6.815633423
118,Q1   2018,RYJ,7.344786629
119,Q1   2018,RYR,8.201431493
120,Q1   2019,R0A,7.902738589
121,Q1   2019,R1F,9.410727682
122,Q1   2019,R1H,7.122202025
123,Q1   2019,R1K,7.709370367
124,Q1   2019,RA2,6.209656085
125,Q1   2019,RA4,6.87242268
126,Q1   2019,RA7,6.470936214
127,Q1   2019,RA9,6.457133614
128,Q1   2019,RAE,5.294384338
129,Q1   2019,RAJ,5.834551148
130,Q1   2019,RAL,6.733446795
131,Q1   2019,RAP,6.895114943
132,Q1   2019,RAS,6.637137246
133,Q1   2019,RAX,5.933084732
134,Q1   2019,RBK,7.608656284
135,Q1   2019,RBL,7.449196106
136,Q1   2019,RBN,6.566375694
137,Q1   2019,RBT,7.988170347
138,Q1   2019,RBZ,5.951902174
139,Q1   2019,RC9,6.254253437
140,Q1   2019,RCB,7.404630753
141,Q1   2019,RCD,6.778652906
142,Q1   2019,RCF,7.414840243
143,Q1   2019,RCX,6.350008807
144,Q1   2019,RD1,6.647311251
145,Q1   2019,RD8,6.988304094
146,Q1   2019,RDE,6.486161011
147,Q1   2019,RDU,6.562717
148,Q1   2019,REF,5.871536232
149,Q1   2019,REM,7.103761623
150,Q1   2019,RF4,7.587393162
151,Q1   2019,RFF,5.154337331
152,Q1   2019,RFR,5.684236616
153,Q1   2019,RFS,6.323420074
154,Q1   2019,RGN,6.468107288
155,Q1   2019,RGP,7.853054735
156,Q1   2019,RGR,6.478082192
157,Q1   2019,RGT,7.048201375
158,Q1   2019,RH5,40.1402439
159,Q1   2019,RH8,6.903346543
160,Q1   2019,RHM,7.32235716
161,Q1   2019,RHQ,7.005262854
162,Q1   2019,RHU,7.781394926
163,Q1   2019,RHW,6.770226114
164,Q1   2019,RJ1,5.715253029
165,Q1   2019,RJ2,8.102433628
166,Q1   2019,RJ6,7.379770285
167,Q1   2019,RJ7,6.817818111
168,Q1   2019,RJC,6.396807078
169,Q1   2019,RJE,6.825051626
170,Q1   2019,RJL,6.920555623
171,Q1   2019,RJN,7.643243243
172,Q1   2019,RJR,8.316183529
173,Q1   2019,RJZ,7.481514692
174,Q1   2019,RK5,7.151037938
175,Q1   2019,RK9,6.195868946
176,Q1   2019,RKB,7.169331519
177,Q1   2019,RKE,7.216113416
178,Q1   2019,RL4,7.762377436
179,Q1   2019,RLQ,6.684410646
180,Q1   2019,RLT,7.025278608
181,Q1   2019,RM1,6.245341355
182,Q1   2019,RM3,8.957827556
183,Q1   2019,RMC,6.338795256
184,Q1   2019,RMP,7.087788407
185,Q1   2019,RN3,6.548966408
186,Q1   2019,RN5,7.245991808
187,Q1   2019,RN7,7.876630435
188,Q1   2019,RNA,7.083507017
189,Q1   2019,RNN,42.51152074
190,Q1   2019,RNQ,7.449508641
191,Q1   2019,RNS,7.898528071
192,Q1   2019,RNZ,7.633534811
193,Q1   2019,RP5,6.293582776
194,Q1   2019,RPA,7.21155624
195,Q1   2019,RQM,6.677307348
196,Q1   2019,RQW,7.574183976
197,Q1   2019,RQX,6.495212374
198,Q1   2019,RR7,7.474607572
199,Q1   2019,RR8,8.279282002
200,Q1   2019,RRF,5.214099595
201,Q1   2019,RRK,7.033501259
202,Q1   2019,RRV,6.978598588
203,Q1   2019,RTD,6.764184521
204,Q1   2019,RTE,6.007308754
205,Q1   2019,RTF,7.03120157
206,Q1   2019,RTG,6.654580562
207,Q1   2019,RTH,5.488696255
208,Q1   2019,RTK,6.432224607
209,Q1   2019,RTP,7.782655103
210,Q1   2019,RTR,6.523645447
211,Q1   2019,RTX,7.412100791
212,Q1   2019,RVJ,7.11898119
213,Q1   2019,RVR,7.250984653
214,Q1   2019,RVV,6.704185693
215,Q1   2019,RVW,5.764191016
216,Q1   2019,RVY,7.139161677
217,Q1   2019,RWA,6.029946524
218,Q1   2019,RWD,6.749533503
219,Q1   2019,RWE,6.068681046
220,Q1   2019,RWF,6.731761152
221,Q1   2019,RWG,6.949075247
222,Q1   2019,RWH,5.637888058
223,Q1   2019,RWJ,7.582453416
224,Q1   2019,RWP,6.678825442
225,Q1   2019,RWW,8.126870021
226,Q1   2019,RWY,5.77839745
227,Q1   2019,RX1,6.797203994
228,Q1   2019,RXC,7.464084423
229,Q1   2019,RXF,6.886996629
230,Q1   2019,RXK,5.705502646
231,Q1   2019,RXL,8.210026927
232,Q1   2019,RXN,7.484100939
233,Q1   2019,RXP,6.368039443
234,Q1   2019,RXQ,8.066115702
235,Q1   2019,RXR,7.336211327
236,Q1   2019,RXW,5.942479634
237,Q1   2019,RYJ,7.112004548
238,Q1   2019,RYR,7.507504329
239,Q1   2020,R0A,8.876793667
240,Q1   2020,R0B,7.737348506
241,Q1   2020,R1F,9.115188953
242,Q1   2020,R1H,7.31061349
243,Q1   2020,R1K,8.318013468
244,Q1   2020,RA2,6.532752613
245,Q1   2020,RA4,7.538440641
246,Q1   2020,RA7,7.324298026
247,Q1   2020,RA9,6.914718251
248,Q1   2020,RAE,6.203272128
249,Q1   2020,RAJ,6.306026365
250,Q1   2020,RAL,7.81481798
251,Q1   2020,RAP,8.231300345
252,Q1   2020,RAS,7.64524356
253,Q1   2020,RAX,7.091583079
254,Q1   2020,RBK,8.198824867
255,Q1   2020,RBL,9.214517486
256,Q1   2020,RBN,7.381381381
257,Q1   2020,RBT,8.050576923
258,Q1   2020,RBZ,6.302378256
259,Q1   2020,RC9,7.0138148
260,Q1   2020,RCB,7.332781
261,Q1   2020,RCD,7.500140568
262,Q1   2020,RCF,8.078639456
263,Q1   2020,RCX,7.09536576
264,Q1   2020,RD1,6.986330742
265,Q1   2020,RD8,7.954799917
266,Q1   2020,RDE,6.92513665
267,Q1   2020,RDU,7.49031477
268,Q1   2020,REF,6.154616512
269,Q1   2020,REM,8.121150021
270,Q1   2020,RF4,7.962416851
271,Q1   2020,RFF,5.576962111
272,Q1   2020,RFR,6.407495866
273,Q1   2020,RFS,6.955991005
274,Q1   2020,RGN,7.584968982
275,Q1   2020,RGP,8.562648315
276,Q1   2020,RGR,7.391793755
277,Q1   2020,RGT,8.412962025
278,Q1   2020,RH5,44.96485623
279,Q1   2020,RH8,7.602786273
280,Q1   2020,RHM,7.637161668
281,Q1   2020,RHQ,7.193653232
282,Q1   2020,RHU,7.65196958
283,Q1   2020,RHW,7.026725759
284,Q1   2020,RJ1,6.326757326
285,Q1   2020,RJ2,8.248523945
286,Q1   2020,RJ6,7.985601578
287,Q1   2020,RJ7,8.433464476
288,Q1   2020,RJC,7.507095954
289,Q1   2020,RJE,7.584789311
290,Q1   2020,RJL,7.348039216
291,Q1   2020,RJN,9.451116807
292,Q1   2020,RJR,9.285852901
293,Q1   2020,RJZ,8.590277778
294,Q1   2020,RK5,6.846186262
295,Q1   2020,RK9,7.167376289
296,Q1   2020,RKB,7.952414585
297,Q1   2020,RKE,7.557505601
298,Q1   2020,RL4,8.348456443
299,Q1   2020,RLQ,7.134909265
300,Q1   2020,RLT,7.613440551
301,Q1   2020,RM1,6.846214442
302,Q1   2020,RM3,10.05263849
303,Q1   2020,RMC,7.288161209
304,Q1   2020,RMP,7.225916648
305,Q1   2020,RN3,7.473499189
306,Q1   2020,RN5,8.226893802
307,Q1   2020,RN7,7.297985154
308,Q1   2020,RNA,7.133164414
309,Q1   2020,RNN,9.299302061
310,Q1   2020,RNQ,8.740863177
311,Q1   2020,RNS,8.875548406
312,Q1   2020,RNZ,9.091412742
313,Q1   2020,RP5,6.710268811
314,Q1   2020,RPA,7.817389902
315,Q1   2020,RQM,6.831764123
316,Q1   2020,RQW,7.894431305
317,Q1   2020,RQX,7.12601626
318,Q1   2020,RR7,8.236425339
319,Q1   2020,RR8,8.931045088
320,Q1   2020,RRF,5.889685514
321,Q1   2020,RRK,7.676373351
322,Q1   2020,RRV,7.295980891
323,Q1   2020,RTD,7.245604887
324,Q1   2020,RTE,6.47033078
325,Q1   2020,RTF,7.202801656
326,Q1   2020,RTG,7.264077224
327,Q1   2020,RTH,6.340075853
328,Q1   2020,RTK,8.415514131
329,Q1   2020,RTP,8.173447537
330,Q1   2020,RTR,7.595914198
331,Q1   2020,RTX,7.947368421
332,Q1   2020,RVJ,7.798179623
333,Q1   2020,RVR,7.450778643
334,Q1   2020,RVV,7.424009701
335,Q1   2020,RVW,6.628030751
336,Q1   2020,RVY,7.470998797
337,Q1   2020,RWA,6.587135378
338,Q1   2020,RWD,7.042142919
339,Q1   2020,RWE,6.679125227
340,Q1   2020,RWF,6.978843931
341,Q1   2020,RWG,7.426795026
342,Q1   2020,RWH,6.277799403
343,Q1   2020,RWJ,8.555445545
344,Q1   2020,RWP,6.608297251
345,Q1   2020,RWW,7.79844098
346,Q1   2020,RWY,6.482670558
347,Q1   2020,RX1,7.563890692
348,Q1   2020,RXC,7.955797566
349,Q1   2020,RXF,7.605742364
350,Q1   2020,RXK,6.394217687
351,Q1   2020,RXL,8.668536525
352,Q1   2020,RXN,8.662751087
353,Q1   2020,RXP,7.049216532
354,Q1   2020,RXQ,9.718135327
355,Q1   2020,RXR,7.623976249
356,Q1   2020,RXW,6.653730703
357,Q1   2020,RYJ,7.490730643
358,Q1   2020,RYR,7.981343644
359,Q1   2021,R0A,7.663503151
360,Q1   2021,R0B,6.664698819
361,Q1   2021,R0D,6.932679978
362,Q1   2021,R1F,6.896737182
363,Q1   2021,R1H,7.773376486
364,Q1   2021,R1K,7.059084474
365,Q1   2021,RA2,6.899134839
366,Q1   2021,RA4,8.387634936
367,Q1   2021,RA7,7.812975165
368,Q1   2021,RA9,6.505840241
369,Q1   2021,RAE,6.153095412
370,Q1   2021,RAJ,6.708810038
371,Q1   2021,RAL,7.503634688
372,Q1   2021,RAP,7.863150558
373,Q1   2021,RAS,6.115953109
374,Q1   2021,RAX,6.77636153
375,Q1   2021,RBK,6.929006883
376,Q1   2021,RBL,7.749338041
377,Q1   2021,RBN,7.166335157
378,Q1   2021,RBT,8.385500103
379,Q1   2021,RBZ,6.105868475
380,Q1   2021,RC9,7.285698173
381,Q1   2021,RCB,6.390419162
382,Q1   2021,RCD,7.375356125
383,Q1   2021,RCF,7.405306496
384,Q1   2021,RCX,8.320153879
385,Q1   2021,RD1,6.531254996
386,Q1   2021,RD8,6.767217631
387,Q1   2021,RDE,6.747498386
388,Q1   2021,RDU,7.980279516
389,Q1   2021,REF,6.22723487
390,Q1   2021,REM,8.564650828
391,Q1   2021,RF4,7.586084487
392,Q1   2021,RFF,5.654596623
393,Q1   2021,RFR,6.361261429
394,Q1   2021,RFS,5.426357909
395,Q1   2021,RGN,7.877256755
396,Q1   2021,RGP,8.914859438
397,Q1   2021,RGR,8.108852459
398,Q1   2021,RGT,8.783455573
399,Q1   2021,RH5,8.925914862
400,Q1   2021,RH8,7.727001862
401,Q1   2021,RHM,7.049268883
402,Q1   2021,RHQ,7.929367185
403,Q1   2021,RHU,7.846092742
404,Q1   2021,RHW,6.176156333
405,Q1   2021,RJ1,7.945470732
406,Q1   2021,RJ2,7.511845103
407,Q1   2021,RJ6,7.80793547
408,Q1   2021,RJ7,8.369058968
409,Q1   2021,RJC,6.731140242
410,Q1   2021,RJE,6.995669322
411,Q1   2021,RJL,6.739777489
412,Q1   2021,RJN,8.941376381
413,Q1   2021,RJR,8.961958806
414,Q1   2021,RJZ,8.839426708
415,Q1   2021,RK5,6.839453065
416,Q1   2021,RK9,7.36553288
417,Q1   2021,RKB,6.865235651
418,Q1   2021,RKE,7.395746455
419,Q1   2021,RL4,8.089884434
420,Q1   2021,RLQ,7.279021188
421,Q1   2021,RLT,7.805046664
422,Q1   2021,RM1,7.153475568
423,Q1   2021,RM3,8.716664315
424,Q1   2021,RMC,7.450651769
425,Q1   2021,RMP,6.908374116
426,Q1   2021,RN3,6.858525689
427,Q1   2021,RN5,6.320685143
428,Q1   2021,RN7,7.793831169
429,Q1   2021,RNA,7.309160893
430,Q1   2021,RNN,8.37071997
431,Q1   2021,RNQ,8.835194942
432,Q1   2021,RNS,7.70658484
433,Q1   2021,RNZ,9.410090936
434,Q1   2021,RP5,7.251309604
435,Q1   2021,RPA,6.890050469
436,Q1   2021,RQM,6.685939968
437,Q1   2021,RQW,7.913237221
438,Q1   2021,RQX,7.279349593
439,Q1   2021,RR7,6.706212342
440,Q1   2021,RR8,8.600235604
441,Q1   2021,RRF,5.793713873
442,Q1   2021,RRK,7.656714047
443,Q1   2021,RRV,7.549530316
444,Q1   2021,RTD,7.158580235
445,Q1   2021,RTE,6.861625671
446,Q1   2021,RTF,6.578528584
447,Q1   2021,RTG,7.091138708
448,Q1   2021,RTH,6.581293706
449,Q1   2021,RTK,7.145600991
450,Q1   2021,RTP,7.339036001
451,Q1   2021,RTR,7.525966713
452,Q1   2021,RTX,8.677304332
453,Q1   2021,RVJ,7.383972936
454,Q1   2021,RVR,7.870772719
455,Q1   2021,RVV,7.531810124
456,Q1   2021,RVW,6.208763805
457,Q1   2021,RVY,7.351321886
458,Q1   2021,RWA,7.137167661
459,Q1   2021,RWD,7.373963422
460,Q1   2021,RWE,6.972617265
461,Q1   2021,RWF,6.848336343
462,Q1   2021,RWG,7.082465019
463,Q1   2021,RWH,6.624373687
464,Q1   2021,RWJ,8.21481619
465,Q1   2021,RWP,6.553247689
466,Q1   2021,RWW,9.135299219
467,Q1   2021,RWY,6.290386071
468,Q1   2021,RX1,7.27139805
469,Q1   2021,RXC,8.310550199
470,Q1   2021,RXF,7.122604198
471,Q1   2021,RXK,6.57409121
472,Q1   2021,RXL,8.726099625
473,Q1   2021,RXN,8.0942664
474,Q1   2021,RXP,6.670585674
475,Q1   2021,RXQ,9.093655589
476,Q1   2021,RXR,7.573548163
477,Q1   2021,RXW,6.530865658
478,Q1   2021,RYJ,7.919099158
479,Q1   2021,RYR,7.52501959
480,Q1   2022,R0A,7.968885752
481,Q1   2022,R0B,7.733385611
482,Q1   2022,R0D,7.557266273
483,Q1   2022,R1F,7.399933066
484,Q1   2022,R1H,8.135307396
485,Q1   2022,R1K,7.205161172
486,Q1   2022,RA2,6.492372436
487,Q1   2022,RA4,8.632371795
488,Q1   2022,RA7,8.166567519
489,Q1   2022,RA9,8.849641501
490,Q1   2022,RAE,6.548410096
491,Q1   2022,RAJ,7.492749151
492,Q1   2022,RAL,7.498992305
493,Q1   2022,RAP,10.87873612
494,Q1   2022,RAS,7.396107613
495,Q1   2022,RAX,7.582827602
496,Q1   2022,RBK,7.019724244
497,Q1   2022,RBL,8.661317242
498,Q1   2022,RBN,7.875236057
499,Q1   2022,RBT,8.571766096
500,Q1   2022,RBZ,7.560490554
501,Q1   2022,RC9,7.075438758
502,Q1   2022,RCB,8.052815042
503,Q1   2022,RCD,8.751943224
504,Q1   2022,RCF,7.302638522
505,Q1   2022,RCX,7.827846093
506,Q1   2022,RD1,7.174620224
507,Q1   2022,RD8,7.742065899
508,Q1   2022,RDE,7.137054686
509,Q1   2022,RDU,8.747511312
510,Q1   2022,REF,7.980871747
511,Q1   2022,REM,8.980415519
512,Q1   2022,RF4,7.864740566
513,Q1   2022,RFF,6.13890883
514,Q1   2022,RFR,6.704169945
515,Q1   2022,RFS,6.272636151
516,Q1   2022,RGN,8.301006513
517,Q1   2022,RGP,9.18969555
518,Q1   2022,RGR,7.490026851
519,Q1   2022,RGT,8.744165946
520,Q1   2022,RH5,10.77078615
521,Q1   2022,RH8,7.69100346
522,Q1   2022,RHM,7.989197006
523,Q1   2022,RHQ,8.236565136
524,Q1   2022,RHU,7.208484134
525,Q1   2022,RHW,6.184571506
526,Q1   2022,RJ1,6.878404828
527,Q1   2022,RJ2,8.233169915
528,Q1   2022,RJ6,11.66270502
529,Q1   2022,RJ7,9.002047869
530,Q1   2022,RJC,7.007657945
531,Q1   2022,RJE,7.576667673
532,Q1   2022,RJL,7.001704788
533,Q1   2022,RJN,10.98865184
534,Q1   2022,RJR,9.699190367
535,Q1   2022,RJZ,8.899530207
536,Q1   2022,RK5,7.594848859
537,Q1   2022,RK9,9.9843942
538,Q1   2022,RKB,7.03910853
539,Q1   2022,RKE,8.992678725
540,Q1   2022,RL4,7.107139069
541,Q1   2022,RLQ,8.219553073
542,Q1   2022,RLT,8.287067276
543,Q1   2022,RM1,7.790601971
544,Q1   2022,RM3,8.850563168
545,Q1   2022,RMC,7.737325496
546,Q1   2022,RMP,8.644839666
547,Q1   2022,RN3,7.361438765
548,Q1   2022,RN5,7.461520577
549,Q1   2022,RN7,7.912186047
550,Q1   2022,RNA,7.711278427
551,Q1   2022,RNN,9.300035486
552,Q1   2022,RNQ,8.841067285
553,Q1   2022,RNS,8.966757991
554,Q1   2022,RNZ,9.328853755
555,Q1   2022,RP5,8.083202512
556,Q1   2022,RPA,7.710978836
557,Q1   2022,RQM,6.956
558,Q1   2022,RQW,8.495095635
559,Q1   2022,RQX,7.0002936
560,Q1   2022,RR7,8.627212135
561,Q1   2022,RR8,8.646346526
562,Q1   2022,RRF,7.358300395
563,Q1   2022,RRK,7.528686444
564,Q1   2022,RRV,8.628601546
565,Q1   2022,RTD,7.071258301
566,Q1   2022,RTE,7.955872739
567,Q1   2022,RTF,6.947161327
568,Q1   2022,RTG,7.54772785
569,Q1   2022,RTH,6.885152085
570,Q1   2022,RTK,7.417098446
571,Q1   2022,RTP,8.109122154
572,Q1   2022,RTR,7.362682156
573,Q1   2022,RTX,9.039415802
574,Q1   2022,RVJ,8.17614601
575,Q1   2022,RVR,7.849574431
576,Q1   2022,RVV,7.735871343
577,Q1   2022,RVW,5.934416366
578,Q1   2022,RVY,7.953125
579,Q1   2022,RWA,7.950577125
580,Q1   2022,RWD,8.351809245
581,Q1   2022,RWE,7.297124601
582,Q1   2022,RWF,7.328109453
583,Q1   2022,RWG,7.217057452
584,Q1   2022,RWH,6.874980942
585,Q1   2022,RWJ,8.78862088
586,Q1   2022,RWP,6.283964748
587,Q1   2022,RWW,9.640305011
588,Q1   2022,RWY,6.806478755
589,Q1   2022,RX1,7.550976139
590,Q1   2022,RXC,8.470072383
591,Q1   2022,RXF,7.116853721
592,Q1   2022,RXK,6.421738128
593,Q1   2022,RXL,9.278452092
594,Q1   2022,RXN,8.567409703
595,Q1   2022,RXP,6.90234294
596,Q1   2022,RXQ,9.465731463
597,Q1   2022,RXR,8.115375854
598,Q1   2022,RXW,6.983667323
599,Q1   2022,RYJ,7.867530735
600,Q1   2022,RYR,8.622581218
601,Q1   2023,R0A,9.994666667
602,Q1   2023,R0B,9.064412708
603,Q1   2023,R0D,8.308112324
604,Q1   2023,R1F,9.636954503
605,Q1   2023,R1H,9.505975328
606,Q1   2023,R1K,7.748618057
607,Q1   2023,RA2,8.108840061
608,Q1   2023,RA4,9.978165939
609,Q1   2023,RA7,7.854096863
610,Q1   2023,RA9,8.516232038
611,Q1   2023,RAE,7.213401311
612,Q1   2023,RAJ,8.598476136
613,Q1   2023,RAL,9.253329555
614,Q1   2023,RAP,11.57131474
615,Q1   2023,RAS,7.933499584
616,Q1   2023,RAX,8.759310345
617,Q1   2023,RBK,7.733931241
618,Q1   2023,RBL,8.996669442
619,Q1   2023,RBN,8.026210411
620,Q1   2023,RBT,9.391782407
621,Q1   2023,RC9,7.325888325
622,Q1   2023,RCB,8.175981657
623,Q1   2023,RCD,8.274954628
624,Q1   2023,RCF,7.578030303
625,Q1   2023,RCX,10.59567497
626,Q1   2023,RD1,7.086256707
627,Q1   2023,RD8,7.973431317
628,Q1   2023,RDE,7.750706368
629,Q1   2023,REF,8.129864636
630,Q1   2023,REM,10.9450727
631,Q1   2023,RF4,8.134730539
632,Q1   2023,RFF,6.882232463
633,Q1   2023,RFR,6.633579725
634,Q1   2023,RFS,7.248902546
635,Q1   2023,RGN,8.5776
636,Q1   2023,RGP,10.18703428
637,Q1   2023,RGR,8.350311262
638,Q1   2023,RGT,9.662247475
639,Q1   2023,RH5,11.56593169
640,Q1   2023,RH8,8.200304646
641,Q1   2023,RHM,7.837070611
642,Q1   2023,RHQ,7.948437224
643,Q1   2023,RHU,7.701596806
644,Q1   2023,RHW,6.763466991
645,Q1   2023,RJ1,7.278115062
646,Q1   2023,RJ2,9.105590062
647,Q1   2023,RJ6,9.467254408
648,Q1   2023,RJ7,9.27764977
649,Q1   2023,RJC,7.49626401
650,Q1   2023,RJE,7.454451131
651,Q1   2023,RJL,7.400320256
652,Q1   2023,RJN,10.67106843
653,Q1   2023,RJR,9.742162508
654,Q1   2023,RJZ,9.68819939
655,Q1   2023,RK5,9.1
656,Q1   2023,RK9,9.781639344
657,Q1   2023,RKB,7.712432697
658,Q1   2023,RKE,10.22176309
659,Q1   2023,RL4,6.812640449
660,Q1   2023,RLQ,9.107327905
661,Q1   2023,RLT,8.634789777
662,Q1   2023,RM1,8.174130664
663,Q1   2023,RM3,8.75145518
664,Q1   2023,RMC,9.131346578
665,Q1   2023,RMP,8.101906158
666,Q1   2023,RN3,7.870151771
667,Q1   2023,RN5,7.624677835
668,Q1   2023,RN7,8.883846569
669,Q1   2023,RNA,8.508489334
670,Q1   2023,RNN,10.63035804
671,Q1   2023,RNQ,8.549089069
672,Q1   2023,RNS,9.29312115
673,Q1   2023,RNZ,10.07947977
674,Q1   2023,RP5,8.48838897
675,Q1   2023,RPA,9.197879859
676,Q1   2023,RQM,8.876024225
677,Q1   2023,RQW,8.533508541
678,Q1   2023,RQX,7.083333333
679,Q1   2023,RR7,8.965753425
680,Q1   2023,RR8,9.68629832
681,Q1   2023,RRF,7.883495146
682,Q1   2023,RRK,7.903976921
683,Q1   2023,RRV,6.865172087
684,Q1   2023,RTD,8.460654936
685,Q1   2023,RTE,8.423469388
686,Q1   2023,RTF,7.274339136
687,Q1   2023,RTG,7.933490823
688,Q1   2023,RTH,7.027568383
689,Q1   2023,RTK,7.129619711
690,Q1   2023,RTP,9.119551681
691,Q1   2023,RTR,8.192271736
692,Q1   2023,RTX,9.509379509
693,Q1   2023,RVJ,8.532547865
694,Q1   2023,RVR,8.949360614
695,Q1   2023,RVV,10.45256917
696,Q1   2023,RVW,6.165911898
697,Q1   2023,RVY,9.20804331
698,Q1   2023,RWA,8.441091954
699,Q1   2023,RWD,8.250417362
700,Q1   2023,RWE,7.194412107
701,Q1   2023,RWF,7.328268551
702,Q1   2023,RWG,7.99922179
703,Q1   2023,RWH,7.262510975
704,Q1   2023,RWJ,8.851299326
705,Q1   2023,RWP,7.434998346
706,Q1   2023,RWW,10.08333333
707,Q1   2023,RWY,6.76144036
708,Q1   2023,RX1,8.535801541
709,Q1   2023,RXC,9.730146187
710,Q1   2023,RXF,7.935483871
711,Q1   2023,RXK,6.552442774
712,Q1   2023,RXL,10.16808424
713,Q1   2023,RXN,9.063784115
714,Q1   2023,RXP,8.219546742
715,Q1   2023,RXQ,10.72972973
716,Q1   2023,RXR,8.641377005
717,Q1   2023,RXW,7.341872233
718,Q1   2023,RYJ,8.333799273
719,Q1   2023,RYR,10.54257391
720,Q2   2018,R0A,7.796726158
721,Q2   2018,R1F,8.458461538
722,Q2   2018,R1H,6.644148909
723,Q2   2018,R1K,7.485041167
724,Q2   2018,RA2,6.044773578
725,Q2   2018,RA4,6.510165356
726,Q2   2018,RA7,6.649800266
727,Q2   2018,RA9,6.140660045
728,Q2   2018,RAE,5.160996546
729,Q2   2018,RAJ,5.646541221
730,Q2   2018,RAL,6.923987062
731,Q2   2018,RAP,7.177843803
732,Q2   2018,RAS,6.743327402
733,Q2   2018,RAX,6.225592822
734,Q2   2018,RBK,7.839016956
735,Q2   2018,RBL,7.060243708
736,Q2   2018,RBN,6.527382443
737,Q2   2018,RBT,7.585714286
738,Q2   2018,RBZ,5.940225238
739,Q2   2018,RC9,6.815531219
740,Q2   2018,RCB,6.945058772
741,Q2   2018,RCD,7.622564699
742,Q2   2018,RCF,6.773838302
743,Q2   2018,RCX,6.570436331
744,Q2   2018,RD1,6.888549009
745,Q2   2018,RD8,6.856634183
746,Q2   2018,RDE,6.752267135
747,Q2   2018,RDU,6.749022674
748,Q2   2018,REF,5.609778492
749,Q2   2018,REM,7.473137298
750,Q2   2018,RF4,6.989623601
751,Q2   2018,RFF,5.511487304
752,Q2   2018,RFR,5.485984465
753,Q2   2018,RFS,5.869918699
754,Q2   2018,RGN,6.241412033
755,Q2   2018,RGP,7.261562293
756,Q2   2018,RGR,6.420984456
757,Q2   2018,RGT,7.427091183
758,Q2   2018,RH5,41.3483871
759,Q2   2018,RH8,6.636611724
760,Q2   2018,RHM,7.395670426
761,Q2   2018,RHQ,7.153765508
762,Q2   2018,RHU,7.308823529
763,Q2   2018,RHW,6.382306057
764,Q2   2018,RJ1,5.961562361
765,Q2   2018,RJ2,7.687271113
766,Q2   2018,RJ6,7.640789988
767,Q2   2018,RJ7,6.57817762
768,Q2   2018,RJC,6.668835009
769,Q2   2018,RJE,7.434405613
770,Q2   2018,RJL,7.221375016
771,Q2   2018,RJN,7.701253482
772,Q2   2018,RJR,8.101130164
773,Q2   2018,RJZ,7.871359223
774,Q2   2018,RK5,7.175854953
775,Q2   2018,RK9,6.301777818
776,Q2   2018,RKB,7.227191717
777,Q2   2018,RKE,6.869820442
778,Q2   2018,RL4,7.971265761
779,Q2   2018,RLQ,7.257087473
780,Q2   2018,RLT,7.23874528
781,Q2   2018,RM1,6.202972296
782,Q2   2018,RM3,8.558197127
783,Q2   2018,RMC,6.357965152
784,Q2   2018,RMP,7.502805836
785,Q2   2018,RN3,6.095686474
786,Q2   2018,RN5,7.567500925
787,Q2   2018,RN7,7.38590901
788,Q2   2018,RNA,7.015548282
789,Q2   2018,RNN,25.37254902
790,Q2   2018,RNQ,8.119953091
791,Q2   2018,RNS,8.261181435
792,Q2   2018,RNZ,7.293146347
793,Q2   2018,RP5,6.27874677
794,Q2   2018,RPA,6.192726758
795,Q2   2018,RQM,6.50304187
796,Q2   2018,RQW,7.573165618
797,Q2   2018,RQX,6.144078144
798,Q2   2018,RR7,7.318769343
799,Q2   2018,RR8,8.089197282
800,Q2   2018,RRF,5.025903008
801,Q2   2018,RRK,6.964337966
802,Q2   2018,RRV,6.951318681
803,Q2   2018,RTD,7.127788171
804,Q2   2018,RTE,5.922971557
805,Q2   2018,RTF,7.269653052
806,Q2   2018,RTG,6.326655629
807,Q2   2018,RTH,5.857954965
808,Q2   2018,RTK,6.127737866
809,Q2   2018,RTP,7.356419381
810,Q2   2018,RTR,6.749710622
811,Q2   2018,RTX,7.173375464
812,Q2   2018,RVJ,7.075329734
813,Q2   2018,RVR,7.533135376
814,Q2   2018,RVV,6.84345776
815,Q2   2018,RVW,6.135588559
816,Q2   2018,RVY,6.946002317
817,Q2   2018,RWA,5.995593327
818,Q2   2018,RWD,6.721172023
819,Q2   2018,RWE,6.210439852
820,Q2   2018,RWF,6.840192539
821,Q2   2018,RWG,7.221672902
822,Q2   2018,RWH,5.952250861
823,Q2   2018,RWJ,7.089820359
824,Q2   2018,RWP,6.859090425
825,Q2   2018,RWW,8.832906908
826,Q2   2018,RWY,6.503937008
827,Q2   2018,RX1,6.728651329
828,Q2   2018,RXC,7.880862804
829,Q2   2018,RXF,7.053117572
830,Q2   2018,RXK,6.369373394
831,Q2   2018,RXL,8.212519985
832,Q2   2018,RXN,7.88343764
833,Q2   2018,RXP,6.605778844
834,Q2   2018,RXQ,8.4280582
835,Q2   2018,RXR,7.31383855
836,Q2   2018,RXW,6.125078898
837,Q2   2018,RYJ,7.512331012
838,Q2   2018,RYR,7.440995637
839,Q2   2019,R0A,7.789017822
840,Q2   2019,R0B,6.855464264
841,Q2   2019,R1F,9.206896552
842,Q2   2019,R1H,7.12257491
843,Q2   2019,R1K,7.657685831
844,Q2   2019,RA2,6.265240822
845,Q2   2019,RA4,6.882190265
846,Q2   2019,RA7,6.528097316
847,Q2   2019,RA9,6.38370037
848,Q2   2019,RAE,5.503821589
849,Q2   2019,RAJ,5.768604651
850,Q2   2019,RAL,6.578572572
851,Q2   2019,RAP,7.071564281
852,Q2   2019,RAS,6.838659565
853,Q2   2019,RAX,6.14090344
854,Q2   2019,RBK,7.228535354
855,Q2   2019,RBL,7.521470397
856,Q2   2019,RBN,6.83626272
857,Q2   2019,RBT,7.272524803
858,Q2   2019,RBZ,5.818350079
859,Q2   2019,RC9,6.316062849
860,Q2   2019,RCB,6.914587414
861,Q2   2019,RCD,6.691378364
862,Q2   2019,RCF,6.886136004
863,Q2   2019,RCX,5.740438976
864,Q2   2019,RD1,6.451856678
865,Q2   2019,RD8,6.946072028
866,Q2   2019,RDE,6.590483302
867,Q2   2019,RDU,6.752796421
868,Q2   2019,REF,6.274487075
869,Q2   2019,REM,7.48441056
870,Q2   2019,RF4,7.1283319
871,Q2   2019,RFF,4.808500701
872,Q2   2019,RFR,5.396836197
873,Q2   2019,RFS,6.347048584
874,Q2   2019,RGN,6.687518327
875,Q2   2019,RGP,7.442303433
876,Q2   2019,RGR,6.771263563
877,Q2   2019,RGT,7.346212598
878,Q2   2019,RH5,38.5738255
879,Q2   2019,RH8,6.875511082
880,Q2   2019,RHM,7.201813874
881,Q2   2019,RHQ,6.777338527
882,Q2   2019,RHU,7.424281984
883,Q2   2019,RHW,6.162475822
884,Q2   2019,RJ1,6.089331336
885,Q2   2019,RJ2,7.622489083
886,Q2   2019,RJ6,7.677602639
887,Q2   2019,RJ7,6.745889818
888,Q2   2019,RJC,6.627057407
889,Q2   2019,RJE,7.177875024
890,Q2   2019,RJL,6.879347688
891,Q2   2019,RJN,7.924144937
892,Q2   2019,RJR,8.670351759
893,Q2   2019,RJZ,7.746414148
894,Q2   2019,RK5,6.582855545
895,Q2   2019,RK9,6.518653402
896,Q2   2019,RKB,7.251015572
897,Q2   2019,RKE,6.869929601
898,Q2   2019,RL4,8.004363108
899,Q2   2019,RLQ,6.30971884
900,Q2   2019,RLT,7.109505281
901,Q2   2019,RM1,6.364419414
902,Q2   2019,RM3,8.658454227
903,Q2   2019,RMC,6.772741884
904,Q2   2019,RMP,6.923956931
905,Q2   2019,RN3,6.65111536
906,Q2   2019,RN5,7.241654153
907,Q2   2019,RN7,7.406897817
908,Q2   2019,RNA,6.62706053
909,Q2   2019,RNN,8.260648931
910,Q2   2019,RNQ,7.496957737
911,Q2   2019,RNS,7.836684448
912,Q2   2019,RNZ,7.679825568
913,Q2   2019,RP5,6.478658209
914,Q2   2019,RPA,6.757252812
915,Q2   2019,RQM,6.079168613
916,Q2   2019,RQW,7.125329548
917,Q2   2019,RQX,6.082147316
918,Q2   2019,RR7,7.33729128
919,Q2   2019,RR8,8.217788378
920,Q2   2019,RRF,5.42983641
921,Q2   2019,RRK,7.011954328
922,Q2   2019,RRV,6.741166804
923,Q2   2019,RTD,6.87928486
924,Q2   2019,RTE,5.888967081
925,Q2   2019,RTF,6.661006355
926,Q2   2019,RTG,6.656214644
927,Q2   2019,RTH,5.610642304
928,Q2   2019,RTK,6.62371317
929,Q2   2019,RTP,7.247116755
930,Q2   2019,RTR,6.840231171
931,Q2   2019,RTX,7.161453808
932,Q2   2019,RVJ,7.132023471
933,Q2   2019,RVR,7.399508801
934,Q2   2019,RVV,6.915391539
935,Q2   2019,RVW,5.765437049
936,Q2   2019,RVY,7.773827534
937,Q2   2019,RWA,6.041013362
938,Q2   2019,RWD,6.447522467
939,Q2   2019,RWE,5.957852863
940,Q2   2019,RWF,6.697362223
941,Q2   2019,RWG,6.909056268
942,Q2   2019,RWH,5.575733087
943,Q2   2019,RWJ,7.785829308
944,Q2   2019,RWP,6.836201534
945,Q2   2019,RWW,7.6498783
946,Q2   2019,RWY,5.827226373
947,Q2   2019,RX1,6.832558921
948,Q2   2019,RXC,7.021250611
949,Q2   2019,RXF,7.146577107
950,Q2   2019,RXK,5.701215003
951,Q2   2019,RXL,8.232543484
952,Q2   2019,RXN,7.786541644
953,Q2   2019,RXP,6.485776373
954,Q2   2019,RXQ,7.973793602
955,Q2   2019,RXR,7.492529729
956,Q2   2019,RXW,6.076047904
957,Q2   2019,RYJ,6.820854567
958,Q2   2019,RYR,7.232149824
959,Q2   2020,R0A,8.727129182
960,Q2   2020,R0B,6.009722032
961,Q2   2020,R0D,5.433970508
962,Q2   2020,R1F,6.987758945
963,Q2   2020,R1H,7.148298418
964,Q2   2020,R1K,7.267251096
965,Q2   2020,RA2,5.718586713
966,Q2   2020,RA4,6.231987332
967,Q2   2020,RA7,7.194986469
968,Q2   2020,RA9,5.954697186
969,Q2   2020,RAE,6.015228426
970,Q2   2020,RAJ,5.837673274
971,Q2   2020,RAL,7.029348784
972,Q2   2020,RAP,7.472177202
973,Q2   2020,RAS,6.795801527
974,Q2   2020,RAX,5.98952557
975,Q2   2020,RBK,7.459459459
976,Q2   2020,RBL,7.450340374
977,Q2   2020,RBN,6.958140278
978,Q2   2020,RBT,7.063868143
979,Q2   2020,RBZ,5.521966949
980,Q2   2020,RC9,6.570318193
981,Q2   2020,RCB,5.903983516
982,Q2   2020,RCD,6.633096927
983,Q2   2020,RCF,6.829048843
984,Q2   2020,RCX,6.489961881
985,Q2   2020,RD1,5.30480167
986,Q2   2020,RD8,5.953877791
987,Q2   2020,RDE,5.952817824
988,Q2   2020,RDU,7.330077911
989,Q2   2020,REF,5.341352287
990,Q2   2020,REM,7.84447914
991,Q2   2020,RF4,7.062679788
992,Q2   2020,RFF,5.28062749
993,Q2   2020,RFR,4.793051683
994,Q2   2020,RFS,4.944803695
995,Q2   2020,RGN,6.400590046
996,Q2   2020,RGP,7.703691496
997,Q2   2020,RGR,6.370985302
998,Q2   2020,RGT,7.329696798
999,Q2   2020,RH5,7.548101022
1000,Q2   2020,RH8,6.422440221
1001,Q2   2020,RHM,6.460536113
1002,Q2   2020,RHQ,7.074249605
1003,Q2   2020,RHU,6.152703644
1004,Q2   2020,RHW,6.27797271
1005,Q2   2020,RJ1,8.1354136
1006,Q2   2020,RJ2,7.406382979
1007,Q2   2020,RJ6,8.424432263
1008,Q2   2020,RJ7,7.642785571
1009,Q2   2020,RJC,6.656899489
1010,Q2   2020,RJE,7.023874169
1011,Q2   2020,RJL,6.10343062
1012,Q2   2020,RJN,7.780119102
1013,Q2   2020,RJR,9.193306405
1014,Q2   2020,RJZ,8.807042686
1015,Q2   2020,RK5,5.303451093
1016,Q2   2020,RK9,6.336814308
1017,Q2   2020,RKB,6.124526621
1018,Q2   2020,RKE,7.976531196
1019,Q2   2020,RL4,8.339764202
1020,Q2   2020,RLQ,6.286273115
1021,Q2   2020,RLT,6.828640945
1022,Q2   2020,RM1,6.043860678
1023,Q2   2020,RM3,9.538038323
1024,Q2   2020,RMC,6.152003685
1025,Q2   2020,RMP,6.670465337
1026,Q2   2020,RN3,5.686850872
1027,Q2   2020,RN5,6.936902486
1028,Q2   2020,RN7,6.340118939
1029,Q2   2020,RNA,6.571479311
1030,Q2   2020,RNN,8.217537564
1031,Q2   2020,RNQ,7.650569589
1032,Q2   2020,RNS,7.486811482
1033,Q2   2020,RNZ,8.017850768
1034,Q2   2020,RP5,6.720686209
1035,Q2   2020,RPA,6.282875871
1036,Q2   2020,RQM,5.933717579
1037,Q2   2020,RQW,7.412108804
1038,Q2   2020,RQX,7.44684529
1039,Q2   2020,RR7,6.707486493
1040,Q2   2020,RR8,7.856644295
1041,Q2   2020,RRF,5.588532513
1042,Q2   2020,RRK,6.864859407
1043,Q2   2020,RRV,8.340756451
1044,Q2   2020,RTD,6.217313126
1045,Q2   2020,RTE,5.455347811
1046,Q2   2020,RTF,6.399714693
1047,Q2   2020,RTG,6.032311931
1048,Q2   2020,RTH,6.184524486
1049,Q2   2020,RTK,6.338279678
1050,Q2   2020,RTP,6.780882353
1051,Q2   2020,RTR,7.309738794
1052,Q2   2020,RTX,6.877945235
1053,Q2   2020,RVJ,6.510277492
1054,Q2   2020,RVR,7.552961903
1055,Q2   2020,RVV,6.566978193
1056,Q2   2020,RVW,5.503960172
1057,Q2   2020,RVY,6.987947883
1058,Q2   2020,RWA,6.554928855
1059,Q2   2020,RWD,5.821872411
1060,Q2   2020,RWE,6.255826113
1061,Q2   2020,RWF,5.855785545
1062,Q2   2020,RWG,6.360655738
1063,Q2   2020,RWH,5.870974116
1064,Q2   2020,RWJ,7.221021403
1065,Q2   2020,RWP,5.419899526
1066,Q2   2020,RWW,7.992716482
1067,Q2   2020,RWY,5.297137901
1068,Q2   2020,RX1,6.722030474
1069,Q2   2020,RXC,6.885254152
1070,Q2   2020,RXF,6.366221629
1071,Q2   2020,RXK,6.521473406
1072,Q2   2020,RXL,7.878517502
1073,Q2   2020,RXN,8.074863659
1074,Q2   2020,RXP,6.159903175
1075,Q2   2020,RXQ,9.108433735
1076,Q2   2020,RXR,6.816427163
1077,Q2   2020,RXW,5.664804469
1078,Q2   2020,RYJ,7.840688757
1079,Q2   2020,RYR,6.411912401
1080,Q2   2021,R0A,6.870771529
1081,Q2   2021,R0B,6.073643774
1082,Q2   2021,R0D,6.081395349
1083,Q2   2021,R1F,7.199494151
1084,Q2   2021,R1H,6.779673633
1085,Q2   2021,R1K,6.326521546
1086,Q2   2021,RA2,5.482752761
1087,Q2   2021,RA4,6.803535786
1088,Q2   2021,RA7,7.513152174
1089,Q2   2021,RA9,6.341617081
1090,Q2   2021,RAE,5.822746038
1091,Q2   2021,RAJ,6.197231992
1092,Q2   2021,RAL,6.254647463
1093,Q2   2021,RAP,7.645255474
1094,Q2   2021,RAS,6.355118713
1095,Q2   2021,RAX,6.628857019
1096,Q2   2021,RBK,6.338048604
1097,Q2   2021,RBL,6.890538674
1098,Q2   2021,RBN,6.791025789
1099,Q2   2021,RBT,7.603941634
1100,Q2   2021,RBZ,5.961990703
1101,Q2   2021,RC9,5.919403241
1102,Q2   2021,RCB,5.801322678
1103,Q2   2021,RCD,6.93694521
1104,Q2   2021,RCF,6.070906631
1105,Q2   2021,RCX,6.861976848
1106,Q2   2021,RD1,6.001907097
1107,Q2   2021,RD8,6.246855984
1108,Q2   2021,RDE,5.975323625
1109,Q2   2021,RDU,6.970722919
1110,Q2   2021,REF,5.95975779
1111,Q2   2021,REM,7.505212888
1112,Q2   2021,RF4,6.909654745
1113,Q2   2021,RFF,5.384075342
1114,Q2   2021,RFR,5.795900336
1115,Q2   2021,RFS,5.189001848
1116,Q2   2021,RGN,7.021292452
1117,Q2   2021,RGP,7.589047097
1118,Q2   2021,RGR,6.842345773
1119,Q2   2021,RGT,7.495644338
1120,Q2   2021,RH5,8.32647672
1121,Q2   2021,RH8,6.766058936
1122,Q2   2021,RHM,6.636674894
1123,Q2   2021,RHQ,6.737634696
1124,Q2   2021,RHU,6.579187047
1125,Q2   2021,RHW,5.622379526
1126,Q2   2021,RJ1,6.302731534
1127,Q2   2021,RJ2,7.998078565
1128,Q2   2021,RJ6,7.22492224
1129,Q2   2021,RJ7,7.713951858
1130,Q2   2021,RJC,5.893964111
1131,Q2   2021,RJE,6.571750616
1132,Q2   2021,RJL,6.461930295
1133,Q2   2021,RJN,7.775009297
1134,Q2   2021,RJR,7.23193845
1135,Q2   2021,RJZ,8.006055496
1136,Q2   2021,RK5,6.328201439
1137,Q2   2021,RK9,7.32196228
1138,Q2   2021,RKB,6.164351666
1139,Q2   2021,RKE,7.197395197
1140,Q2   2021,RL4,6.867622659
1141,Q2   2021,RLQ,6.574960547
1142,Q2   2021,RLT,6.697966507
1143,Q2   2021,RM1,6.370915745
1144,Q2   2021,RM3,8.367071525
1145,Q2   2021,RMC,6.789555594
1146,Q2   2021,RMP,6.076218758
1147,Q2   2021,RN3,6.341999741
1148,Q2   2021,RN5,5.863872712
1149,Q2   2021,RN7,6.562594522
1150,Q2   2021,RNA,6.77888563
1151,Q2   2021,RNN,7.411594644
1152,Q2   2021,RNQ,7.729321941
1153,Q2   2021,RNS,7.035341831
1154,Q2   2021,RNZ,7.930454431
1155,Q2   2021,RP5,6.819886948
1156,Q2   2021,RPA,5.880209134
1157,Q2   2021,RQM,5.996239627
1158,Q2   2021,RQW,6.646243776
1159,Q2   2021,RQX,5.796150205
1160,Q2   2021,RR7,6.564881177
1161,Q2   2021,RR8,7.98937035
1162,Q2   2021,RRF,5.497002306
1163,Q2   2021,RRK,6.690569244
1164,Q2   2021,RRV,6.879555352
1165,Q2   2021,RTD,6.306114367
1166,Q2   2021,RTE,5.946231971
1167,Q2   2021,RTF,6.113093235
1168,Q2   2021,RTG,6.122320769
1169,Q2   2021,RTH,5.836860863
1170,Q2   2021,RTK,6.29572896
1171,Q2   2021,RTP,7.270450751
1172,Q2   2021,RTR,6.866702071
1173,Q2   2021,RTX,7.003968837
1174,Q2   2021,RVJ,7.101027059
1175,Q2   2021,RVR,6.685849057
1176,Q2   2021,RVV,6.420912421
1177,Q2   2021,RVW,5.342242019
1178,Q2   2021,RVY,6.665050897
1179,Q2   2021,RWA,6.6073269
1180,Q2   2021,RWD,6.778288225
1181,Q2   2021,RWE,6.395902547
1182,Q2   2021,RWF,5.609756098
1183,Q2   2021,RWG,6.015112705
1184,Q2   2021,RWH,5.916893929
1185,Q2   2021,RWJ,6.791779513
1186,Q2   2021,RWP,5.780324737
1187,Q2   2021,RWW,7.90091001
1188,Q2   2021,RWY,5.522693801
1189,Q2   2021,RX1,6.52583746
1190,Q2   2021,RXC,7.001238543
1191,Q2   2021,RXF,6.488519104
1192,Q2   2021,RXK,5.898804388
1193,Q2   2021,RXL,7.977416992
1194,Q2   2021,RXN,7.530971402
1195,Q2   2021,RXP,6.100356234
1196,Q2   2021,RXQ,8.255555556
1197,Q2   2021,RXR,7.092510549
1198,Q2   2021,RXW,5.882023681
1199,Q2   2021,RYJ,6.663585614
1200,Q2   2021,RYR,6.874218833
1201,Q2   2022,R0A,8.321724346
1202,Q2   2022,R0B,7.43491853
1203,Q2   2022,R0D,7.585966701
1204,Q2   2022,R1F,8.02393273
1205,Q2   2022,R1H,8.292371795
1206,Q2   2022,R1K,7.0849978
1207,Q2   2022,RA2,6.658849709
1208,Q2   2022,RA4,9.208085612
1209,Q2   2022,RA7,8.499887387
1210,Q2   2022,RA9,8.773055028
1211,Q2   2022,RAE,6.098397563
1212,Q2   2022,RAJ,7.846543756
1213,Q2   2022,RAL,7.817564425
1214,Q2   2022,RAP,9.86372847
1215,Q2   2022,RAS,7.50659927
1216,Q2   2022,RAX,7.746704745
1217,Q2   2022,RBK,7.464415188
1218,Q2   2022,RBL,8.676816074
1219,Q2   2022,RBN,7.916636286
1220,Q2   2022,RBT,8.677865233
1221,Q2   2022,RC9,7.187770954
1222,Q2   2022,RCB,8.207001522
1223,Q2   2022,RCD,8.632804918
1224,Q2   2022,RCF,7.241033755
1225,Q2   2022,RCX,8.496269409
1226,Q2   2022,RD1,7.236007995
1227,Q2   2022,RD8,7.994559742
1228,Q2   2022,RDE,7.438770154
1229,Q2   2022,RDU,8.833148391
1230,Q2   2022,REF,8.343930208
1231,Q2   2022,REM,9.150249926
1232,Q2   2022,RF4,7.649561952
1233,Q2   2022,RFF,6.272826681
1234,Q2   2022,RFR,6.858421936
1235,Q2   2022,RFS,6.574714519
1236,Q2   2022,RGN,8.208773903
1237,Q2   2022,RGP,9.068278096
1238,Q2   2022,RGR,7.424303152
1239,Q2   2022,RGT,9.076606086
1240,Q2   2022,RH5,10.86630695
1241,Q2   2022,RH8,7.240385421
1242,Q2   2022,RHM,7.921287866
1243,Q2   2022,RHQ,8.068343924
1244,Q2   2022,RHU,7.381115952
1245,Q2   2022,RHW,6.271113502
1246,Q2   2022,RJ1,7.072264226
1247,Q2   2022,RJ2,8.233659169
1248,Q2   2022,RJ6,9.223153602
1249,Q2   2022,RJ7,9.224372581
1250,Q2   2022,RJC,7.362489829
1251,Q2   2022,RJE,7.392081085
1252,Q2   2022,RJL,7.462713765
1253,Q2   2022,RJN,11.22285948
1254,Q2   2022,RJR,10.07012987
1255,Q2   2022,RJZ,8.809440141
1256,Q2   2022,RK5,7.993258771
1257,Q2   2022,RK9,9.41052275
1258,Q2   2022,RKB,7.006093042
1259,Q2   2022,RKE,8.765382913
1260,Q2   2022,RL4,6.766041162
1261,Q2   2022,RLQ,8.50512959
1262,Q2   2022,RLT,8.256014256
1263,Q2   2022,RM1,7.672332832
1264,Q2   2022,RM3,8.798328538
1265,Q2   2022,RMC,8.103168616
1266,Q2   2022,RMP,8.680987908
1267,Q2   2022,RN3,7.755808791
1268,Q2   2022,RN5,7.672415789
1269,Q2   2022,RN7,8.06092739
1270,Q2   2022,RNA,7.720731707
1271,Q2   2022,RNN,9.64074329
1272,Q2   2022,RNQ,8.23699422
1273,Q2   2022,RNS,8.377758319
1274,Q2   2022,RNZ,9.932601481
1275,Q2   2022,RP5,8.140921034
1276,Q2   2022,RPA,7.368883312
1277,Q2   2022,RQM,7.532536357
1278,Q2   2022,RQW,8.276802218
1279,Q2   2022,RQX,6.743119266
1280,Q2   2022,RR7,8.380311766
1281,Q2   2022,RR8,8.809367901
1282,Q2   2022,RRF,7.129931615
1283,Q2   2022,RRK,7.653756416
1284,Q2   2022,RRV,7.200377442
1285,Q2   2022,RTD,7.637727418
1286,Q2   2022,RTE,8.240639416
1287,Q2   2022,RTF,7.038448717
1288,Q2   2022,RTG,7.682875526
1289,Q2   2022,RTH,7.100159224
1290,Q2   2022,RTK,7.104969486
1291,Q2   2022,RTP,8.659293859
1292,Q2   2022,RTR,1
1293,Q2   2022,RTX,8.299870466
1294,Q2   2022,RVJ,8.002202202
1295,Q2   2022,RVR,8.33180939
1296,Q2   2022,RVV,8.073461224
1297,Q2   2022,RVW,5.75
1298,Q2   2022,RVY,8.301587302
1299,Q2   2022,RWA,7.771692947
1300,Q2   2022,RWD,8.240569823
1301,Q2   2022,RWE,7.034971541
1302,Q2   2022,RWF,7.466995074
1303,Q2   2022,RWG,7.095148754
1304,Q2   2022,RWH,7.032137867
1305,Q2   2022,RWJ,8.661443574
1306,Q2   2022,RWP,6.578133752
1307,Q2   2022,RWW,9.769830949
1308,Q2   2022,RWY,6.864416083
1309,Q2   2022,RX1,7.877646326
1310,Q2   2022,RXC,9.082460381
1311,Q2   2022,RXF,7.425373134
1312,Q2   2022,RXK,6.265354598
1313,Q2   2022,RXL,9.5632403
1314,Q2   2022,RXN,9.179083264
1315,Q2   2022,RXP,7.097300104
1316,Q2   2022,RXQ,8.531659798
1317,Q2   2022,RXR,8.377039955
1318,Q2   2022,RXW,7.077762923
1319,Q2   2022,RYJ,7.822772277
1320,Q2   2022,RYR,8.89928555
1321,Q3   2018,R0A,7.848756442
1322,Q3   2018,R1F,8.161436673
1323,Q3   2018,R1H,6.643149392
1324,Q3   2018,R1K,7.215157929
1325,Q3   2018,RA2,5.778741497
1326,Q3   2018,RA4,6.569226535
1327,Q3   2018,RA7,6.293305548
1328,Q3   2018,RA9,5.845412994
1329,Q3   2018,RAE,5.249373957
1330,Q3   2018,RAJ,5.654184435
1331,Q3   2018,RAL,6.802071835
1332,Q3   2018,RAP,7.011508684
1333,Q3   2018,RAS,6.61446308
1334,Q3   2018,RAX,5.773942328
1335,Q3   2018,RBK,7.158198614
1336,Q3   2018,RBL,6.914282606
1337,Q3   2018,RBN,6.54922813
1338,Q3   2018,RBT,7.223084577
1339,Q3   2018,RBZ,5.65620501
1340,Q3   2018,RC9,6.466572438
1341,Q3   2018,RCB,6.491004631
1342,Q3   2018,RCD,6.592966273
1343,Q3   2018,RCF,6.749866809
1344,Q3   2018,RCX,6.251519485
1345,Q3   2018,RD1,6.759989273
1346,Q3   2018,RD8,6.573302192
1347,Q3   2018,RDE,6.42962082
1348,Q3   2018,RDU,6.449980359
1349,Q3   2018,REF,5.573863636
1350,Q3   2018,REM,7.100732601
1351,Q3   2018,RF4,7.100926121
1352,Q3   2018,RFF,5.083989501
1353,Q3   2018,RFR,5.316086066
1354,Q3   2018,RFS,5.693322476
1355,Q3   2018,RGN,6.140362724
1356,Q3   2018,RGP,6.919592544
1357,Q3   2018,RGR,6.200405979
1358,Q3   2018,RGT,7.437682525
1359,Q3   2018,RH5,33.8534202
1360,Q3   2018,RH8,6.610613742
1361,Q3   2018,RHM,7.350116318
1362,Q3   2018,RHQ,7.04744504
1363,Q3   2018,RHU,7.58391641
1364,Q3   2018,RHW,5.771807584
1365,Q3   2018,RJ1,5.811888174
1366,Q3   2018,RJ2,7.169120832
1367,Q3   2018,RJ6,7.151295732
1368,Q3   2018,RJ7,6.384172109
1369,Q3   2018,RJC,6.56473663
1370,Q3   2018,RJE,6.81915242
1371,Q3   2018,RJL,6.828596144
1372,Q3   2018,RJN,7.628209638
1373,Q3   2018,RJR,8.238554217
1374,Q3   2018,RJZ,7.648600904
1375,Q3   2018,RK5,6.884528302
1376,Q3   2018,RK9,6.19338843
1377,Q3   2018,RKB,6.853590459
1378,Q3   2018,RKE,6.850416516
1379,Q3   2018,RL4,7.55364144
1380,Q3   2018,RLQ,6.744346116
1381,Q3   2018,RLT,6.53912808
1382,Q3   2018,RM1,6.026520422
1383,Q3   2018,RM3,8.043286867
1384,Q3   2018,RMC,6.539236393
1385,Q3   2018,RMP,7.413072776
1386,Q3   2018,RN3,6.031064528
1387,Q3   2018,RN5,7.254135699
1388,Q3   2018,RN7,7.149652397
1389,Q3   2018,RNA,6.733581494
1390,Q3   2018,RNN,32.13747228
1391,Q3   2018,RNQ,8.402782491
1392,Q3   2018,RNS,7.620829943
1393,Q3   2018,RNZ,7.514646237
1394,Q3   2018,RP5,6.148309231
1395,Q3   2018,RPA,6.345283824
1396,Q3   2018,RQM,6.069010727
1397,Q3   2018,RQW,7.165099269
1398,Q3   2018,RQX,6.06134372
1399,Q3   2018,RR7,6.989381179
1400,Q3   2018,RR8,7.787932111
1401,Q3   2018,RRF,5.076733748
1402,Q3   2018,RRK,6.566291451
1403,Q3   2018,RRV,6.520479844
1404,Q3   2018,RTD,6.713768116
1405,Q3   2018,RTE,5.82208589
1406,Q3   2018,RTF,6.815478793
1407,Q3   2018,RTG,6.144987345
1408,Q3   2018,RTH,5.783386388
1409,Q3   2018,RTK,6.285483001
1410,Q3   2018,RTP,7.310393656
1411,Q3   2018,RTR,6.465039637
1412,Q3   2018,RTX,7.120080727
1413,Q3   2018,RVJ,6.888818182
1414,Q3   2018,RVR,7.170847458
1415,Q3   2018,RVV,6.51745187
1416,Q3   2018,RVW,5.878837495
1417,Q3   2018,RVY,7.021008403
1418,Q3   2018,RWA,6.132393453
1419,Q3   2018,RWD,6.683239498
1420,Q3   2018,RWE,6.132715062
1421,Q3   2018,RWF,6.52712434
1422,Q3   2018,RWG,6.993080506
1423,Q3   2018,RWH,5.861074705
1424,Q3   2018,RWJ,7.032661783
1425,Q3   2018,RWP,6.413023256
1426,Q3   2018,RWW,8.318054444
1427,Q3   2018,RWY,5.982772669
1428,Q3   2018,RX1,6.613886488
1429,Q3   2018,RXC,7.257518105
1430,Q3   2018,RXF,7.022554966
1431,Q3   2018,RXK,5.679629834
1432,Q3   2018,RXL,8.120131929
1433,Q3   2018,RXN,7.788563523
1434,Q3   2018,RXP,6.432065776
1435,Q3   2018,RXQ,8.477593287
1436,Q3   2018,RXR,7.293301336
1437,Q3   2018,RXW,5.779582127
1438,Q3   2018,RYJ,7.249920408
1439,Q3   2018,RYR,7.128557312
1440,Q3   2019,R0A,7.878421855
1441,Q3   2019,R0B,6.733273863
1442,Q3   2019,R1F,8.600075815
1443,Q3   2019,R1H,7.039462468
1444,Q3   2019,R1K,7.409101646
1445,Q3   2019,RA2,6.01022632
1446,Q3   2019,RA4,6.644929539
1447,Q3   2019,RA7,6.697818086
1448,Q3   2019,RA9,6.49624183
1449,Q3   2019,RAE,5.248892639
1450,Q3   2019,RAJ,5.788782816
1451,Q3   2019,RAL,6.83137443
1452,Q3   2019,RAP,7.175301332
1453,Q3   2019,RAS,6.704026372
1454,Q3   2019,RAX,6.191034772
1455,Q3   2019,RBK,6.91638737
1456,Q3   2019,RBL,7.280639823
1457,Q3   2019,RBN,6.895411374
1458,Q3   2019,RBT,7.156909598
1459,Q3   2019,RBZ,5.610357918
1460,Q3   2019,RC9,6.090281397
1461,Q3   2019,RCB,6.962050313
1462,Q3   2019,RCD,6.280989513
1463,Q3   2019,RCF,6.958541065
1464,Q3   2019,RCX,6.032017618
1465,Q3   2019,RD1,6.676474452
1466,Q3   2019,RD8,6.937208869
1467,Q3   2019,RDE,6.58232987
1468,Q3   2019,RDU,6.871106557
1469,Q3   2019,REF,5.852475811
1470,Q3   2019,REM,7.424951929
1471,Q3   2019,RF4,7.250485646
1472,Q3   2019,RFF,4.770010754
1473,Q3   2019,RFR,5.519775004
1474,Q3   2019,RFS,6.148415872
1475,Q3   2019,RGN,6.655938265
1476,Q3   2019,RGP,7.163853877
1477,Q3   2019,RGR,6.524446008
1478,Q3   2019,RGT,7.147850689
1479,Q3   2019,RH5,39.99376947
1480,Q3   2019,RH8,6.877338207
1481,Q3   2019,RHM,7.371888009
1482,Q3   2019,RHQ,6.871089662
1483,Q3   2019,RHU,7.56467793
1484,Q3   2019,RHW,6.03071317
1485,Q3   2019,RJ1,5.572304139
1486,Q3   2019,RJ2,7.713802878
1487,Q3   2019,RJ6,7.248304929
1488,Q3   2019,RJ7,6.783950617
1489,Q3   2019,RJC,6.610350383
1490,Q3   2019,RJE,6.718820114
1491,Q3   2019,RJL,6.806658291
1492,Q3   2019,RJN,7.705050505
1493,Q3   2019,RJR,8.437208434
1494,Q3   2019,RJZ,7.587168473
1495,Q3   2019,RK5,6.696546053
1496,Q3   2019,RK9,6.3528997
1497,Q3   2019,RKB,7.129051267
1498,Q3   2019,RKE,7.155123675
1499,Q3   2019,RL4,7.588200167
1500,Q3   2019,RLQ,6.406856112
1501,Q3   2019,RLT,6.972820237
1502,Q3   2019,RM1,6.385237113
1503,Q3   2019,RM3,8.843966277
1504,Q3   2019,RMC,6.615972107
1505,Q3   2019,RMP,6.608231014
1506,Q3   2019,RN3,6.289051648
1507,Q3   2019,RN5,7.128692466
1508,Q3   2019,RN7,7.415490342
1509,Q3   2019,RNA,6.535662871
1510,Q3   2019,RNN,8.8964687
1511,Q3   2019,RNQ,7.462228997
1512,Q3   2019,RNS,7.609981757
1513,Q3   2019,RNZ,7.767037862
1514,Q3   2019,RP5,6.19968
1515,Q3   2019,RPA,6.510186135
1516,Q3   2019,RQM,6.095506912
1517,Q3   2019,RQW,7.107916667
1518,Q3   2019,RQX,6.075911684
1519,Q3   2019,RR7,6.715536105
1520,Q3   2019,RR8,7.674862279
1521,Q3   2019,RRF,5.240670554
1522,Q3   2019,RRK,7.007080201
1523,Q3   2019,RRV,6.807737512
1524,Q3   2019,RTD,6.695696497
1525,Q3   2019,RTE,5.607973676
1526,Q3   2019,RTF,6.711989072
1527,Q3   2019,RTG,6.385987466
1528,Q3   2019,RTH,5.908884473
1529,Q3   2019,RTK,6.623921298
1530,Q3   2019,RTP,7.841330859
1531,Q3   2019,RTR,6.883138878
1532,Q3   2019,RTX,6.881718905
1533,Q3   2019,RVJ,7.056841726
1534,Q3   2019,RVR,6.805023591
1535,Q3   2019,RVV,6.837577426
1536,Q3   2019,RVW,6.0748318
1537,Q3   2019,RVY,7.210487626
1538,Q3   2019,RWA,6.284452854
1539,Q3   2019,RWD,6.275589293
1540,Q3   2019,RWE,6.002290426
1541,Q3   2019,RWF,6.575645756
1542,Q3   2019,RWG,6.655948955
1543,Q3   2019,RWH,5.522874307
1544,Q3   2019,RWJ,7.24264824
1545,Q3   2019,RWP,6.70948757
1546,Q3   2019,RWW,7.04296243
1547,Q3   2019,RWY,5.903583518
1548,Q3   2019,RX1,6.699060613
1549,Q3   2019,RXC,7.408851555
1550,Q3   2019,RXF,7.104931301
1551,Q3   2019,RXK,5.736466003
1552,Q3   2019,RXL,7.806079539
1553,Q3   2019,RXN,7.435965494
1554,Q3   2019,RXP,6.183661475
1555,Q3   2019,RXQ,8.56917363
1556,Q3   2019,RXR,7.486043374
1557,Q3   2019,RXW,5.859798299
1558,Q3   2019,RYJ,7.380456579
1559,Q3   2019,RYR,7.412744249
1560,Q3   2020,R0A,7.279737553
1561,Q3   2020,R0B,5.562683991
1562,Q3   2020,R0D,5.694856578
1563,Q3   2020,R1F,6.268784153
1564,Q3   2020,R1H,6.408941236
1565,Q3   2020,R1K,6.695942578
1566,Q3   2020,RA2,5.306445739
1567,Q3   2020,RA4,6.567584679
1568,Q3   2020,RA7,6.74616622
1569,Q3   2020,RA9,5.795646699
1570,Q3   2020,RAE,5.940343935
1571,Q3   2020,RAJ,5.610049814
1572,Q3   2020,RAL,6.169114118
1573,Q3   2020,RAP,7.355831266
1574,Q3   2020,RAS,6.207566462
1575,Q3   2020,RAX,6.236874237
1576,Q3   2020,RBK,6.279084287
1577,Q3   2020,RBL,6.857796965
1578,Q3   2020,RBN,6.522012579
1579,Q3   2020,RBT,6.697636177
1580,Q3   2020,RBZ,5.402337229
1581,Q3   2020,RC9,6.113202273
1582,Q3   2020,RCB,5.579522758
1583,Q3   2020,RCD,6.160720593
1584,Q3   2020,RCF,6.224106602
1585,Q3   2020,RCX,6.393559583
1586,Q3   2020,RD1,5.628431222
1587,Q3   2020,RD8,5.834739002
1588,Q3   2020,RDE,5.868289454
1589,Q3   2020,RDU,6.57160555
1590,Q3   2020,REF,5.614369302
1591,Q3   2020,REM,7.089243776
1592,Q3   2020,RF4,6.611052816
1593,Q3   2020,RFF,5.329988852
1594,Q3   2020,RFR,5.318416206
1595,Q3   2020,RFS,5.001624842
1596,Q3   2020,RGN,6.675247943
1597,Q3   2020,RGP,7.783138649
1598,Q3   2020,RGR,6.564584213
1599,Q3   2020,RGT,7.745414607
1600,Q3   2020,RH5,8.348548972
1601,Q3   2020,RH8,6.384358209
1602,Q3   2020,RHM,6.294965309
1603,Q3   2020,RHQ,6.559359908
1604,Q3   2020,RHU,6.499815396
1605,Q3   2020,RHW,5.825954198
1606,Q3   2020,RJ1,6.272936882
1607,Q3   2020,RJ2,6.557328386
1608,Q3   2020,RJ6,7.25133007
1609,Q3   2020,RJ7,6.64882253
1610,Q3   2020,RJC,5.852494577
1611,Q3   2020,RJE,6.398339318
1612,Q3   2020,RJL,6.353421722
1613,Q3   2020,RJN,7.056439394
1614,Q3   2020,RJR,7.882606721
1615,Q3   2020,RJZ,7.617772075
1616,Q3   2020,RK5,5.350528475
1617,Q3   2020,RK9,6.483461311
1618,Q3   2020,RKB,5.863269827
1619,Q3   2020,RKE,6.414903846
1620,Q3   2020,RL4,6.886607376
1621,Q3   2020,RLQ,5.873919107
1622,Q3   2020,RLT,6.265142151
1623,Q3   2020,RM1,6.270295903
1624,Q3   2020,RM3,7.977186886
1625,Q3   2020,RMC,6.238220387
1626,Q3   2020,RMP,6.103755742
1627,Q3   2020,RN3,6.212698413
1628,Q3   2020,RN5,6.639620927
1629,Q3   2020,RN7,6.275547445
1630,Q3   2020,RNA,6.499927923
1631,Q3   2020,RNN,8.353560593
1632,Q3   2020,RNQ,6.769215686
1633,Q3   2020,RNS,7.308571429
1634,Q3   2020,RNZ,7.932280514
1635,Q3   2020,RP5,6.54336355
1636,Q3   2020,RPA,5.863341305
1637,Q3   2020,RQM,6.35814521
1638,Q3   2020,RQW,6.971969006
1639,Q3   2020,RQX,6.095826377
1640,Q3   2020,RR7,6.222992254
1641,Q3   2020,RR8,7.574386296
1642,Q3   2020,RRF,5.692465053
1643,Q3   2020,RRK,6.014974406
1644,Q3   2020,RRV,6.146269392
1645,Q3   2020,RTD,6.086915888
1646,Q3   2020,RTE,5.683850932
1647,Q3   2020,RTF,5.949959645
1648,Q3   2020,RTG,5.793441537
1649,Q3   2020,RTH,5.908822786
1650,Q3   2020,RTK,6.303981938
1651,Q3   2020,RTP,6.629879247
1652,Q3   2020,RTR,6.70210035
1653,Q3   2020,RTX,6.892105706
1654,Q3   2020,RVJ,6.451298048
1655,Q3   2020,RVR,6.332795352
1656,Q3   2020,RVV,6.342170671
1657,Q3   2020,RVW,5.791455087
1658,Q3   2020,RVY,6.744713376
1659,Q3   2020,RWA,6.237893521
1660,Q3   2020,RWD,6.808385001
1661,Q3   2020,RWE,6.2147228
1662,Q3   2020,RWF,5.577065983
1663,Q3   2020,RWG,6.342442111
1664,Q3   2020,RWH,5.744490768
1665,Q3   2020,RWJ,7.18617332
1666,Q3   2020,RWP,5.260015537
1667,Q3   2020,RWW,7.413718723
1668,Q3   2020,RWY,5.867022064
1669,Q3   2020,RX1,6.255321911
1670,Q3   2020,RXC,7.034386617
1671,Q3   2020,RXF,6.387093345
1672,Q3   2020,RXK,5.601766304
1673,Q3   2020,RXL,7.630157438
1674,Q3   2020,RXN,7.585904255
1675,Q3   2020,RXP,5.958038716
1676,Q3   2020,RXQ,7.749031229
1677,Q3   2020,RXR,7.02667457
1678,Q3   2020,RXW,5.743648405
1679,Q3   2020,RYJ,6.891254753
1680,Q3   2020,RYR,6.568111796
1681,Q3   2021,R0A,7.261214685
1682,Q3   2021,R0B,6.471664644
1683,Q3   2021,R0D,6.495043273
1684,Q3   2021,R1F,6.189670794
1685,Q3   2021,R1H,7.181966224
1686,Q3   2021,R1K,6.638358531
1687,Q3   2021,RA2,5.920171532
1688,Q3   2021,RA4,7.495523223
1689,Q3   2021,RA7,7.558739582
1690,Q3   2021,RA9,7.597122302
1691,Q3   2021,RAE,6.22798913
1692,Q3   2021,RAJ,6.4595188
1693,Q3   2021,RAL,6.838478167
1694,Q3   2021,RAP,8.134741784
1695,Q3   2021,RAS,6.742431762
1696,Q3   2021,RAX,6.571886349
1697,Q3   2021,RBK,6.927252787
1698,Q3   2021,RBL,7.053684085
1699,Q3   2021,RBN,7.221092909
1700,Q3   2021,RBT,7.732237339
1701,Q3   2021,RBZ,6.19186856
1702,Q3   2021,RC9,6.113728129
1703,Q3   2021,RCB,6.387797311
1704,Q3   2021,RCD,7.050831793
1705,Q3   2021,RCF,6.489906832
1706,Q3   2021,RCX,7.040757955
1707,Q3   2021,RD1,6.320246775
1708,Q3   2021,RD8,6.647437147
1709,Q3   2021,RDE,6.264219059
1710,Q3   2021,RDU,7.408894424
1711,Q3   2021,REF,6.484802432
1712,Q3   2021,REM,8.439605235
1713,Q3   2021,RF4,7.068319786
1714,Q3   2021,RFF,5.591047297
1715,Q3   2021,RFR,6.136967156
1716,Q3   2021,RFS,5.332554153
1717,Q3   2021,RGN,7.327875869
1718,Q3   2021,RGP,8.384042801
1719,Q3   2021,RGR,7.053633218
1720,Q3   2021,RGT,8.506889353
1721,Q3   2021,RH5,8.835374537
1722,Q3   2021,RH8,7.060912613
1723,Q3   2021,RHM,7.138265712
1724,Q3   2021,RHQ,7.352567877
1725,Q3   2021,RHU,7.132712944
1726,Q3   2021,RHW,5.727673043
1727,Q3   2021,RJ1,6.298494171
1728,Q3   2021,RJ2,6.99077021
1729,Q3   2021,RJ6,7.446466602
1730,Q3   2021,RJ7,7.921338052
1731,Q3   2021,RJC,6.281111559
1732,Q3   2021,RJE,6.964963608
1733,Q3   2021,RJL,7.007455474
1734,Q3   2021,RJN,8.285153181
1735,Q3   2021,RJR,8.467978318
1736,Q3   2021,RJZ,8.299977274
1737,Q3   2021,RK5,6.49334089
1738,Q3   2021,RK9,7.837796812
1739,Q3   2021,RKB,6.531878231
1740,Q3   2021,RKE,7.358009709
1741,Q3   2021,RL4,6.732730523
1742,Q3   2021,RLQ,6.975603426
1743,Q3   2021,RLT,7.002579536
1744,Q3   2021,RM1,6.792559288
1745,Q3   2021,RM3,9.770416905
1746,Q3   2021,RMC,7.060679612
1747,Q3   2021,RMP,6.672393224
1748,Q3   2021,RN3,6.412844037
1749,Q3   2021,RN5,6.247623117
1750,Q3   2021,RN7,6.900087489
1751,Q3   2021,RNA,7.153187011
1752,Q3   2021,RNN,7.844317832
1753,Q3   2021,RNQ,7.761119348
1754,Q3   2021,RNS,7.545734999
1755,Q3   2021,RNZ,8.068109949
1756,Q3   2021,RP5,7.649432867
1757,Q3   2021,RPA,6.569816643
1758,Q3   2021,RQM,6.306651635
1759,Q3   2021,RQW,7.542760181
1760,Q3   2021,RQX,6.882807852
1761,Q3   2021,RR7,6.877656405
1762,Q3   2021,RR8,8.233489828
1763,Q3   2021,RRF,5.750435471
1764,Q3   2021,RRK,7.250635171
1765,Q3   2021,RRV,6.925779485
1766,Q3   2021,RTD,6.956840044
1767,Q3   2021,RTE,6.274301389
1768,Q3   2021,RTF,6.232011747
1769,Q3   2021,RTG,6.615548003
1770,Q3   2021,RTH,6.334565893
1771,Q3   2021,RTK,6.414160839
1772,Q3   2021,RTP,7.309294872
1773,Q3   2021,RTR,6.884137245
1774,Q3   2021,RTX,7.068222354
1775,Q3   2021,RVJ,7.78585086
1776,Q3   2021,RVR,7.012316438
1777,Q3   2021,RVV,6.897311333
1778,Q3   2021,RVW,5.909851301
1779,Q3   2021,RVY,6.926078526
1780,Q3   2021,RWA,6.734396736
1781,Q3   2021,RWD,7.272435274
1782,Q3   2021,RWE,6.628333427
1783,Q3   2021,RWF,6.136650083
1784,Q3   2021,RWG,6.228700113
1785,Q3   2021,RWH,6.486880046
1786,Q3   2021,RWJ,7.013188884
1787,Q3   2021,RWP,6.053987599
1788,Q3   2021,RWW,8.230555556
1789,Q3   2021,RWY,6.147779273
1790,Q3   2021,RX1,6.982674155
1791,Q3   2021,RXC,7.655549962
1792,Q3   2021,RXF,7.026234133
1793,Q3   2021,RXK,5.951101113
1794,Q3   2021,RXL,7.854218362
1795,Q3   2021,RXN,8.308367533
1796,Q3   2021,RXP,6.728627209
1797,Q3   2021,RXQ,8.114411003
1798,Q3   2021,RXR,7.224821447
1799,Q3   2021,RXW,6.336794289
1800,Q3   2021,RYJ,6.920357788
1801,Q3   2021,RYR,7.395104133
1802,Q3   2022,R0A,8.786196386
1803,Q3   2022,R0B,7.900298048
1804,Q3   2022,R0D,7.674719736
1805,Q3   2022,R1F,8.084293711
1806,Q3   2022,R1H,8.21618668
1807,Q3   2022,R1K,7.284297228
1808,Q3   2022,RA2,7.352578008
1809,Q3   2022,RA4,8.820722756
1810,Q3   2022,RA7,8.221094006
1811,Q3   2022,RA9,8.0119273
1812,Q3   2022,RAE,6.776867276
1813,Q3   2022,RAJ,7.710855135
1814,Q3   2022,RAL,8.183486239
1815,Q3   2022,RAP,10.45237464
1816,Q3   2022,RAS,7.178412875
1817,Q3   2022,RAX,8.438493519
1818,Q3   2022,RBK,7.406150384
1819,Q3   2022,RBL,8.636245487
1820,Q3   2022,RBN,8.021279183
1821,Q3   2022,RBT,8.498870482
1822,Q3   2022,RC9,7.312404011
1823,Q3   2022,RCB,8.061025224
1824,Q3   2022,RCD,8.773809524
1825,Q3   2022,RCF,6.902081727
1826,Q3   2022,RCX,9.237540453
1827,Q3   2022,RD1,7.12018555
1828,Q3   2022,RD8,8.078458774
1829,Q3   2022,RDE,7.457130359
1830,Q3   2022,REF,7.271043272
1831,Q3   2022,REM,9.334185724
1832,Q3   2022,RF4,7.783600493
1833,Q3   2022,RFF,6.258058865
1834,Q3   2022,RFR,6.91476941
1835,Q3   2022,RFS,6.565011434
1836,Q3   2022,RGN,8.55954023
1837,Q3   2022,RGP,9.353191489
1838,Q3   2022,RGR,7.604057236
1839,Q3   2022,RGT,9.229186253
1840,Q3   2022,RH5,10.31807125
1841,Q3   2022,RH8,7.934298717
1842,Q3   2022,RHM,7.80050097
1843,Q3   2022,RHQ,8.170051255
1844,Q3   2022,RHU,7.651627404
1845,Q3   2022,RHW,6.369135637
1846,Q3   2022,RJ1,6.902115338
1847,Q3   2022,RJ2,8.394095147
1848,Q3   2022,RJ6,9.435196195
1849,Q3   2022,RJ7,9.353198204
1850,Q3   2022,RJC,7.083539604
1851,Q3   2022,RJE,7.323921112
1852,Q3   2022,RJL,7.460448808
1853,Q3   2022,RJN,10.61036226
1854,Q3   2022,RJR,8.834289104
1855,Q3   2022,RJZ,8.871194188
1856,Q3   2022,RK5,8.096583851
1857,Q3   2022,RK9,9.314796534
1858,Q3   2022,RKB,7.213718534
1859,Q3   2022,RKE,9.554129226
1860,Q3   2022,RL4,6.840357853
1861,Q3   2022,RLQ,7.934308511
1862,Q3   2022,RLT,8.132814751
1863,Q3   2022,RM1,8.096605238
1864,Q3   2022,RM3,9.145346046
1865,Q3   2022,RMC,8.597289448
1866,Q3   2022,RMP,8.436368407
1867,Q3   2022,RN3,7.419525443
1868,Q3   2022,RN5,8.012173913
1869,Q3   2022,RN7,8.282402337
1870,Q3   2022,RNA,7.939389266
1871,Q3   2022,RNN,9.603130913
1872,Q3   2022,RNQ,8.239827152
1873,Q3   2022,RNS,9.482536765
1874,Q3   2022,RNZ,10.09153493
1875,Q3   2022,RP5,8.018086501
1876,Q3   2022,RPA,7.671071716
1877,Q3   2022,RQM,7.604283834
1878,Q3   2022,RQW,8.830823529
1879,Q3   2022,RQX,7.602884898
1880,Q3   2022,RR7,8.392894904
1881,Q3   2022,RR8,9.102658991
1882,Q3   2022,RRF,7.416577157
1883,Q3   2022,RRK,7.632216147
1884,Q3   2022,RRV,7.331514027
1885,Q3   2022,RTD,7.653711373
1886,Q3   2022,RTE,7.661519328
1887,Q3   2022,RTF,6.812606293
1888,Q3   2022,RTG,7.821826558
1889,Q3   2022,RTH,6.971151712
1890,Q3   2022,RTK,6.356530682
1891,Q3   2022,RTP,8.377372053
1892,Q3   2022,RTX,8.779419256
1893,Q3   2022,RVJ,8.249569533
1894,Q3   2022,RVR,8.675908386
1895,Q3   2022,RVV,8.760653203
1896,Q3   2022,RVW,6.059677883
1897,Q3   2022,RVY,8.808943089
1898,Q3   2022,RWA,8.027133269
1899,Q3   2022,RWD,8.152733119
1900,Q3   2022,RWE,6.906457356
1901,Q3   2022,RWF,7.096440596
1902,Q3   2022,RWG,7.129868471
1903,Q3   2022,RWH,6.529571429
1904,Q3   2022,RWJ,9.10861744
1905,Q3   2022,RWP,6.844513206
1906,Q3   2022,RWW,9.309615385
1907,Q3   2022,RWY,6.785704707
1908,Q3   2022,RX1,8.037910857
1909,Q3   2022,RXC,9.134506945
1910,Q3   2022,RXF,7.411934195
1911,Q3   2022,RXK,6.477755421
1912,Q3   2022,RXL,9.741895604
1913,Q3   2022,RXN,9.077418599
1914,Q3   2022,RXP,7.419337832
1915,Q3   2022,RXQ,9.247829519
1916,Q3   2022,RXR,8.364137776
1917,Q3   2022,RXW,7.360720055
1918,Q3   2022,RYJ,7.378222734
1919,Q3   2022,RYR,8.838948233
1920,Q4   2018,R0A,8.01763474
1921,Q4   2018,R1F,8.744023538
1922,Q4   2018,R1H,7.128633684
1923,Q4   2018,R1K,7.639789589
1924,Q4   2018,RA2,6.280263158
1925,Q4   2018,RA4,6.410770855
1926,Q4   2018,RA7,6.459123446
1927,Q4   2018,RA9,6.164015089
1928,Q4   2018,RAE,5.402302363
1929,Q4   2018,RAJ,5.606064584
1930,Q4   2018,RAL,6.864878209
1931,Q4   2018,RAP,7.012246537
1932,Q4   2018,RAS,6.351500958
1933,Q4   2018,RAX,5.933292282
1934,Q4   2018,RBK,7.316558442
1935,Q4   2018,RBL,7.275500477
1936,Q4   2018,RBN,6.573068182
1937,Q4   2018,RBT,7.54733082
1938,Q4   2018,RBZ,5.496010638
1939,Q4   2018,RC9,6.653097834
1940,Q4   2018,RCB,6.898747211
1941,Q4   2018,RCD,6.844271114
1942,Q4   2018,RCF,6.89083558
1943,Q4   2018,RCX,6.39638801
1944,Q4   2018,RD1,6.604828129
1945,Q4   2018,RD8,6.762611777
1946,Q4   2018,RDE,6.457597411
1947,Q4   2018,RDU,6.631972876
1948,Q4   2018,REF,5.83907913
1949,Q4   2018,REM,7.019125401
1950,Q4   2018,RF4,7.186012978
1951,Q4   2018,RFF,4.88800905
1952,Q4   2018,RFR,5.334949022
1953,Q4   2018,RFS,5.774953213
1954,Q4   2018,RGN,6.150433405
1955,Q4   2018,RGP,6.919389054
1956,Q4   2018,RGR,6.266525648
1957,Q4   2018,RGT,7.379266751
1958,Q4   2018,RH5,40.20779221
1959,Q4   2018,RH8,6.761920421
1960,Q4   2018,RHM,7.314454708
1961,Q4   2018,RHQ,7.109149372
1962,Q4   2018,RHU,7.320021394
1963,Q4   2018,RHW,6.125819135
1964,Q4   2018,RJ1,6.147382314
1965,Q4   2018,RJ2,7.410155395
1966,Q4   2018,RJ6,7.094145284
1967,Q4   2018,RJ7,6.661299653
1968,Q4   2018,RJC,6.310718587
1969,Q4   2018,RJE,6.6830696
1970,Q4   2018,RJL,6.710475963
1971,Q4   2018,RJN,7.699466311
1972,Q4   2018,RJR,8.301181484
1973,Q4   2018,RJZ,7.787079895
1974,Q4   2018,RK5,6.9408733
1975,Q4   2018,RK9,6.215279648
1976,Q4   2018,RKB,6.980126393
1977,Q4   2018,RKE,7.247706422
1978,Q4   2018,RL4,7.463098986
1979,Q4   2018,RLQ,7.21986166
1980,Q4   2018,RLT,6.570483999
1981,Q4   2018,RM1,6.156636439
1982,Q4   2018,RM3,8.588653382
1983,Q4   2018,RMC,6.376719911
1984,Q4   2018,RMP,6.736535009
1985,Q4   2018,RN3,6.239806067
1986,Q4   2018,RN5,7.309211291
1987,Q4   2018,RN7,7.42401298
1988,Q4   2018,RNA,6.799921229
1989,Q4   2018,RNN,42.424
1990,Q4   2018,RNQ,7.596443007
1991,Q4   2018,RNS,7.479812682
1992,Q4   2018,RNZ,7.282073814
1993,Q4   2018,RP5,6.528807225
1994,Q4   2018,RPA,6.483768576
1995,Q4   2018,RQM,6.398144967
1996,Q4   2018,RQW,6.979463196
1997,Q4   2018,RQX,6.296753876
1998,Q4   2018,RR7,7.182032241
1999,Q4   2018,RR8,8.064802976
2000,Q4   2018,RRF,5.195075758
2001,Q4   2018,RRK,6.743892733
2002,Q4   2018,RRV,6.860907449
2003,Q4   2018,RTD,6.637721239
2004,Q4   2018,RTE,5.840230611
2005,Q4   2018,RTF,7.079277948
2006,Q4   2018,RTG,6.188495857
2007,Q4   2018,RTH,5.518183125
2008,Q4   2018,RTK,5.944006999
2009,Q4   2018,RTP,7.377998675
2010,Q4   2018,RTR,6.554767533
2011,Q4   2018,RTX,7.218184409
2012,Q4   2018,RVJ,7.360830229
2013,Q4   2018,RVR,7.25927414
2014,Q4   2018,RVV,6.601890999
2015,Q4   2018,RVW,5.757697997
2016,Q4   2018,RVY,7.425793748
2017,Q4   2018,RWA,6.095482466
2018,Q4   2018,RWD,6.654237578
2019,Q4   2018,RWE,6.180022458
2020,Q4   2018,RWF,6.663332932
2021,Q4   2018,RWG,6.874622736
2022,Q4   2018,RWH,5.593187067
2023,Q4   2018,RWJ,7.613639894
2024,Q4   2018,RWP,6.507258486
2025,Q4   2018,RWW,8.051597539
2026,Q4   2018,RWY,5.85976855
2027,Q4   2018,RX1,6.659612686
2028,Q4   2018,RXC,7.05653753
2029,Q4   2018,RXF,6.965010371
2030,Q4   2018,RXK,5.736067525
2031,Q4   2018,RXL,8.198251093
2032,Q4   2018,RXN,7.342441408
2033,Q4   2018,RXP,6.377172654
2034,Q4   2018,RXQ,8.137967167
2035,Q4   2018,RXR,7.545959284
2036,Q4   2018,RXW,6.04237636
2037,Q4   2018,RYJ,6.810915275
2038,Q4   2018,RYR,7.319509179
2039,Q4   2019,R0A,7.828333427
2040,Q4   2019,R0B,7.41316887
2041,Q4   2019,R1F,8.517772512
2042,Q4   2019,R1H,7.135883703
2043,Q4   2019,R1K,7.554126818
2044,Q4   2019,RA2,6.359786649
2045,Q4   2019,RA4,7.058099974
2046,Q4   2019,RA7,6.798109218
2047,Q4   2019,RA9,6.289620982
2048,Q4   2019,RAE,5.616128323
2049,Q4   2019,RAJ,6.120669521
2050,Q4   2019,RAL,7.53672496
2051,Q4   2019,RAP,7.150516283
2052,Q4   2019,RAS,6.99256773
2053,Q4   2019,RAX,6.153635117
2054,Q4   2019,RBK,7.3543961
2055,Q4   2019,RBL,7.901798521
2056,Q4   2019,RBN,6.781331519
2057,Q4   2019,RBT,7.666976053
2058,Q4   2019,RBZ,5.763651182
2059,Q4   2019,RC9,6.373754153
2060,Q4   2019,RCB,6.645443925
2061,Q4   2019,RCD,6.985645933
2062,Q4   2019,RCF,7.289960887
2063,Q4   2019,RCX,6.131390508
2064,Q4   2019,RD1,6.711238825
2065,Q4   2019,RD8,7.463935045
2066,Q4   2019,RDE,6.446864686
2067,Q4   2019,RDU,6.897657539
2068,Q4   2019,REF,6.080539933
2069,Q4   2019,REM,7.669768498
2070,Q4   2019,RF4,7.381372651
2071,Q4   2019,RFF,4.909279573
2072,Q4   2019,RFR,5.644719025
2073,Q4   2019,RFS,6.185461749
2074,Q4   2019,RGN,6.762782346
2075,Q4   2019,RGP,7.778734395
2076,Q4   2019,RGR,6.417441029
2077,Q4   2019,RGT,7.46671584
2078,Q4   2019,RH5,44.94202899
2079,Q4   2019,RH8,6.986709197
2080,Q4   2019,RHM,7.44962478
2081,Q4   2019,RHQ,6.782907992
2082,Q4   2019,RHU,7.309904683
2083,Q4   2019,RHW,6.24018447
2084,Q4   2019,RJ1,6.057120295
2085,Q4   2019,RJ2,7.793758624
2086,Q4   2019,RJ6,7.594117647
2087,Q4   2019,RJ7,7.070702925
2088,Q4   2019,RJC,6.947347506
2089,Q4   2019,RJE,7.081089933
2090,Q4   2019,RJL,6.821607121
2091,Q4   2019,RJN,7.908386662
2092,Q4   2019,RJR,8.243418743
2093,Q4   2019,RJZ,7.655340138
2094,Q4   2019,RK5,6.244157201
2095,Q4   2019,RK9,6.760573477
2096,Q4   2019,RKB,7.415937395
2097,Q4   2019,RKE,7.582041111
2098,Q4   2019,RL4,7.631704127
2099,Q4   2019,RLQ,6.583862194
2100,Q4   2019,RLT,7.467844328
2101,Q4   2019,RM1,6.580796061
2102,Q4   2019,RM3,8.967113131
2103,Q4   2019,RMC,6.767596497
2104,Q4   2019,RMP,6.97956044
2105,Q4   2019,RN3,6.884749259
2106,Q4   2019,RN5,7.148331137
2107,Q4   2019,RN7,7.139161463
2108,Q4   2019,RNA,6.727368283
2109,Q4   2019,RNN,7.923707957
2110,Q4   2019,RNQ,7.706085158
2111,Q4   2019,RNS,8.148712268
2112,Q4   2019,RNZ,7.721375707
2113,Q4   2019,RP5,6.390990991
2114,Q4   2019,RPA,6.871347785
2115,Q4   2019,RQM,6.41177139
2116,Q4   2019,RQW,7.213430716
2117,Q4   2019,RQX,6.173539928
2118,Q4   2019,RR7,7.025741866
2119,Q4   2019,RR8,7.974249927
2120,Q4   2019,RRF,5.439969947
2121,Q4   2019,RRK,7.138639958
2122,Q4   2019,RRV,6.844097996
2123,Q4   2019,RTD,6.864905072
2124,Q4   2019,RTE,5.868528078
2125,Q4   2019,RTF,6.821062252
2126,Q4   2019,RTG,6.636864115
2127,Q4   2019,RTH,5.876079688
2128,Q4   2019,RTK,6.528029248
2129,Q4   2019,RTP,7.678277391
2130,Q4   2019,RTR,7.038901387
2131,Q4   2019,RTX,7.264923808
2132,Q4   2019,RVJ,7.09847483
2133,Q4   2019,RVR,6.601670201
2134,Q4   2019,RVV,7.00292713
2135,Q4   2019,RVW,6.059382423
2136,Q4   2019,RVY,7.503831418
2137,Q4   2019,RWA,6.201264164
2138,Q4   2019,RWD,6.468722182
2139,Q4   2019,RWE,6.29568991
2140,Q4   2019,RWF,6.403880266
2141,Q4   2019,RWG,6.716744128
2142,Q4   2019,RWH,5.674484719
2143,Q4   2019,RWJ,8.045592221
2144,Q4   2019,RWP,6.539210911
2145,Q4   2019,RWW,7.803431283
2146,Q4   2019,RWY,5.997351146
2147,Q4   2019,RX1,7.05360454
2148,Q4   2019,RXC,7.260203485
2149,Q4   2019,RXF,7.126487398
2150,Q4   2019,RXK,6.261472327
2151,Q4   2019,RXL,7.919035109
2152,Q4   2019,RXN,7.842974278
2153,Q4   2019,RXP,6.5094
2154,Q4   2019,RXQ,8.570391358
2155,Q4   2019,RXR,7.56942789
2156,Q4   2019,RXW,6.221305842
2157,Q4   2019,RYJ,6.978335495
2158,Q4   2019,RYR,7.518135198
2159,Q4   2020,R0A,7.9378219
2160,Q4   2020,R0B,6.374203514
2161,Q4   2020,R0D,6.075564915
2162,Q4   2020,R1F,6.481075697
2163,Q4   2020,R1H,6.754873148
2164,Q4   2020,R1K,6.827710177
2165,Q4   2020,RA2,5.8125
2166,Q4   2020,RA4,7.768867925
2167,Q4   2020,RA7,7.230977672
2168,Q4   2020,RA9,6.294085332
2169,Q4   2020,RAE,6.160569106
2170,Q4   2020,RAJ,6.110228732
2171,Q4   2020,RAL,6.577618961
2172,Q4   2020,RAP,7.43035343
2173,Q4   2020,RAS,6.233324682
2174,Q4   2020,RAX,6.397732325
2175,Q4   2020,RBK,6.532489611
2176,Q4   2020,RBL,7.147408406
2177,Q4   2020,RBN,6.712486506
2178,Q4   2020,RBT,7.151201326
2179,Q4   2020,RBZ,6.017365269
2180,Q4   2020,RC9,6.506134969
2181,Q4   2020,RCB,6.268989205
2182,Q4   2020,RCD,6.119298246
2183,Q4   2020,RCF,6.992133132
2184,Q4   2020,RCX,7.355078282
2185,Q4   2020,RD1,6.314757482
2186,Q4   2020,RD8,6.505378612
2187,Q4   2020,RDE,6.072623302
2188,Q4   2020,RDU,7.098783606
2189,Q4   2020,REF,6.04363254
2190,Q4   2020,REM,8.530968959
2191,Q4   2020,RF4,6.994044396
2192,Q4   2020,RFF,6.097449183
2193,Q4   2020,RFR,6.352393875
2194,Q4   2020,RFS,5.338857893
2195,Q4   2020,RGN,7.599845372
2196,Q4   2020,RGP,8.51441933
2197,Q4   2020,RGR,7.263396375
2198,Q4   2020,RGT,8.105419136
2199,Q4   2020,RH5,8.48245614
2200,Q4   2020,RH8,6.935089593
2201,Q4   2020,RHM,6.655654175
2202,Q4   2020,RHQ,7.712319931
2203,Q4   2020,RHU,6.758985967
2204,Q4   2020,RHW,5.858348572
2205,Q4   2020,RJ1,6.609437417
2206,Q4   2020,RJ2,7.015107754
2207,Q4   2020,RJ6,7.412531539
2208,Q4   2020,RJ7,7.519263387
2209,Q4   2020,RJC,6.302936631
2210,Q4   2020,RJE,6.970820669
2211,Q4   2020,RJL,7.091918749
2212,Q4   2020,RJN,7.542705971
2213,Q4   2020,RJR,8.632944228
2214,Q4   2020,RJZ,7.820360666
2215,Q4   2020,RK5,5.98844102
2216,Q4   2020,RK9,7.03695052
2217,Q4   2020,RKB,6.52143353
2218,Q4   2020,RKE,6.769070446
2219,Q4   2020,RL4,7.501752564
2220,Q4   2020,RLQ,6.637788779
2221,Q4   2020,RLT,6.339092873
2222,Q4   2020,RM1,6.70739726
2223,Q4   2020,RM3,8.874857631
2224,Q4   2020,RMC,7.022007722
2225,Q4   2020,RMP,6.581738231
2226,Q4   2020,RN3,6.618072462
2227,Q4   2020,RN5,6.830077891
2228,Q4   2020,RN7,6.862025086
2229,Q4   2020,RNA,7.048858447
2230,Q4   2020,RNN,8.412586207
2231,Q4   2020,RNQ,7.204065828
2232,Q4   2020,RNS,7.624918884
2233,Q4   2020,RNZ,8.851900393
2234,Q4   2020,RP5,7.713127359
2235,Q4   2020,RPA,6.59510917
2236,Q4   2020,RQM,6.216418947
2237,Q4   2020,RQW,6.69487124
2238,Q4   2020,RQX,6.43090856
2239,Q4   2020,RR7,7.018972501
2240,Q4   2020,RR8,8.201516575
2241,Q4   2020,RRF,6.299176578
2242,Q4   2020,RRK,7.069428054
2243,Q4   2020,RRV,7.184591643
2244,Q4   2020,RTD,6.515011973
2245,Q4   2020,RTE,6.214096595
2246,Q4   2020,RTF,6.3450299
2247,Q4   2020,RTG,6.572463291
2248,Q4   2020,RTH,6.217647985
2249,Q4   2020,RTK,6.784678683
2250,Q4   2020,RTP,6.927177472
2251,Q4   2020,RTR,6.881004242
2252,Q4   2020,RTX,7.999134349
2253,Q4   2020,RVJ,7.402743902
2254,Q4   2020,RVR,6.611473881
2255,Q4   2020,RVV,6.650422173
2256,Q4   2020,RVW,6.197655218
2257,Q4   2020,RVY,7.108087291
2258,Q4   2020,RWA,6.761135239
2259,Q4   2020,RWD,7.208980634
2260,Q4   2020,RWE,6.353972634
2261,Q4   2020,RWF,6.170202507
2262,Q4   2020,RWG,6.473335138
2263,Q4   2020,RWH,6.098794472
2264,Q4   2020,RWJ,8.03233581
2265,Q4   2020,RWP,5.613364106
2266,Q4   2020,RWW,8.740360484
2267,Q4   2020,RWY,6.252214317
2268,Q4   2020,RX1,6.966477901
2269,Q4   2020,RXC,7.234827842
2270,Q4   2020,RXF,6.80681589
2271,Q4   2020,RXK,6.147245763
2272,Q4   2020,RXL,8.512749828
2273,Q4   2020,RXN,7.728931141
2274,Q4   2020,RXP,6.440845704
2275,Q4   2020,RXQ,8.187422424
2276,Q4   2020,RXR,7.719798658
2277,Q4   2020,RXW,6.043149823
2278,Q4   2020,RYJ,7.07267302
2279,Q4   2020,RYR,7.067879418
2280,Q4   2021,R0A,7.569148128
2281,Q4   2021,R0B,7.040341849
2282,Q4   2021,R0D,6.970674967
2283,Q4   2021,R1F,7.139152435
2284,Q4   2021,R1H,7.624412848
2285,Q4   2021,R1K,7.051529933
2286,Q4   2021,RA2,6.447847682
2287,Q4   2021,RA4,7.898142938
2288,Q4   2021,RA7,7.840724402
2289,Q4   2021,RA9,8.28320702
2290,Q4   2021,RAE,6.471478778
2291,Q4   2021,RAJ,7.113845284
2292,Q4   2021,RAL,7.20203974
2293,Q4   2021,RAP,8.525668836
2294,Q4   2021,RAS,6.932727273
2295,Q4   2021,RAX,7.341820496
2296,Q4   2021,RBK,6.652591519
2297,Q4   2021,RBL,7.924901657
2298,Q4   2021,RBN,7.467895363
2299,Q4   2021,RBT,8.188950873
2300,Q4   2021,RBZ,6.814611872
2301,Q4   2021,RC9,6.792296744
2302,Q4   2021,RCB,7.020799542
2303,Q4   2021,RCD,8.38011122
2304,Q4   2021,RCF,6.920177964
2305,Q4   2021,RCX,7.206830123
2306,Q4   2021,RD1,6.439988976
2307,Q4   2021,RD8,7.072994129
2308,Q4   2021,RDE,6.99430037
2309,Q4   2021,RDU,7.947485094
2310,Q4   2021,REF,7.512405137
2311,Q4   2021,REM,8.692835153
2312,Q4   2021,RF4,7.382425345
2313,Q4   2021,RFF,5.902439024
2314,Q4   2021,RFR,6.623357394
2315,Q4   2021,RFS,5.652663285
2316,Q4   2021,RGN,7.75133953
2317,Q4   2021,RGP,9.188434696
2318,Q4   2021,RGR,7.763314747
2319,Q4   2021,RGT,8.432085786
2320,Q4   2021,RH5,10.34963289
2321,Q4   2021,RH8,7.317564559
2322,Q4   2021,RHM,7.400377482
2323,Q4   2021,RHQ,7.844662755
2324,Q4   2021,RHU,7.405879228
2325,Q4   2021,RHW,6.023521682
2326,Q4   2021,RJ1,6.784399225
2327,Q4   2021,RJ2,7.722303783
2328,Q4   2021,RJ6,9.453776042
2329,Q4   2021,RJ7,8.715845028
2330,Q4   2021,RJC,6.899298917
2331,Q4   2021,RJE,7.308630117
2332,Q4   2021,RJL,6.877460232
2333,Q4   2021,RJN,9.773035501
2334,Q4   2021,RJR,9.017533719
2335,Q4   2021,RJZ,8.28802589
2336,Q4   2021,RK5,6.892669393
2337,Q4   2021,RK9,8.94479084
2338,Q4   2021,RKB,6.832060428
2339,Q4   2021,RKE,7.954677755
2340,Q4   2021,RL4,6.920079191
2341,Q4   2021,RLQ,7.485114301
2342,Q4   2021,RLT,7.683536767
2343,Q4   2021,RM1,7.542554172
2344,Q4   2021,RM3,8.311967883
2345,Q4   2021,RMC,7.099047619
2346,Q4   2021,RMP,7.951526032
2347,Q4   2021,RN3,6.861419069
2348,Q4   2021,RN5,6.935184185
2349,Q4   2021,RN7,7.801442041
2350,Q4   2021,RNA,7.55929878
2351,Q4   2021,RNN,8.290548235
2352,Q4   2021,RNQ,8.564489112
2353,Q4   2021,RNS,8.196713465
2354,Q4   2021,RNZ,8.940766551
2355,Q4   2021,RP5,7.551650975
2356,Q4   2021,RPA,7.238564733
2357,Q4   2021,RQM,6.921552037
2358,Q4   2021,RQW,7.464131374
2359,Q4   2021,RQX,6.584385763
2360,Q4   2021,RR7,7.117670602
2361,Q4   2021,RR8,8.163857437
2362,Q4   2021,RRF,6.203258861
2363,Q4   2021,RRK,7.514397249
2364,Q4   2021,RRV,7.049819657
2365,Q4   2021,RTD,7.345710196
2366,Q4   2021,RTE,7.17904012
2367,Q4   2021,RTF,6.68913535
2368,Q4   2021,RTG,6.787365177
2369,Q4   2021,RTH,6.695714178
2370,Q4   2021,RTK,6.872673508
2371,Q4   2021,RTP,7.980137712
2372,Q4   2021,RTR,7.063378887
2373,Q4   2021,RTX,7.465994192
2374,Q4   2021,RVJ,7.855957081
2375,Q4   2021,RVR,7.48042145
2376,Q4   2021,RVV,7.355437666
2377,Q4   2021,RVW,5.831227306
2378,Q4   2021,RVY,7.391634981
2379,Q4   2021,RWA,7.335347722
2380,Q4   2021,RWD,7.660537762
2381,Q4   2021,RWE,7.044215181
2382,Q4   2021,RWF,6.654972092
2383,Q4   2021,RWG,6.48828324
2384,Q4   2021,RWH,6.70927652
2385,Q4   2021,RWJ,8.18071681
2386,Q4   2021,RWP,6.395174617
2387,Q4   2021,RWW,8.924220524
2388,Q4   2021,RWY,6.627001985
2389,Q4   2021,RX1,7.47409646
2390,Q4   2021,RXC,8.407492063
2391,Q4   2021,RXF,7.388587972
2392,Q4   2021,RXK,6.399008966
2393,Q4   2021,RXL,8.924082387
2394,Q4   2021,RXN,8.391649877
2395,Q4   2021,RXP,6.954122816
2396,Q4   2021,RXQ,8.701558591
2397,Q4   2021,RXR,7.566257341
2398,Q4   2021,RXW,6.793087819
2399,Q4   2021,RYJ,7.366831073
2400,Q4   2021,RYR,8.114282535
2401,Q4   2022,R0A,9.589821298
2402,Q4   2022,R0B,8.46794129
2403,Q4   2022,R0D,7.833194537
2404,Q4   2022,R1F,9.545038705
2405,Q4   2022,R1H,8.902232637
2406,Q4   2022,R1K,7.633905129
2407,Q4   2022,RA2,7.408214167
2408,Q4   2022,RA4,9.007497116
2409,Q4   2022,RA7,8.406289177
2410,Q4   2022,RA9,8.115143699
2411,Q4   2022,RAE,6.983565606
2412,Q4   2022,RAJ,8.265187663
2413,Q4   2022,RAL,8.402793401
2414,Q4   2022,RAP,10.28259779
2415,Q4   2022,RAS,7.668251748
2416,Q4   2022,RAX,8.212765957
2417,Q4   2022,RBK,7.539081537
2418,Q4   2022,RBL,8.769501625
2419,Q4   2022,RBN,7.996286536
2420,Q4   2022,RBT,8.85554102
2421,Q4   2022,RC9,7.499600107
2422,Q4   2022,RCB,7.831470764
2423,Q4   2022,RCD,8.476190476
2424,Q4   2022,RCF,7.346359743
2425,Q4   2022,RCX,9.922127469
2426,Q4   2022,RD1,6.988826816
2427,Q4   2022,RD8,8.280366692
2428,Q4   2022,RDE,7.461641193
2429,Q4   2022,REF,7.608701735
2430,Q4   2022,REM,10.17962056
2431,Q4   2022,RF4,7.858681296
2432,Q4   2022,RFF,6.572662865
2433,Q4   2022,RFR,6.590254313
2434,Q4   2022,RFS,7.108334651
2435,Q4   2022,RGN,8.609185152
2436,Q4   2022,RGP,10.29008222
2437,Q4   2022,RGR,8.374336445
2438,Q4   2022,RGT,9.362252502
2439,Q4   2022,RH5,10.30129833
2440,Q4   2022,RH8,7.953609486
2441,Q4   2022,RHM,7.997790578
2442,Q4   2022,RHQ,8.023854786
2443,Q4   2022,RHU,7.858449809
2444,Q4   2022,RHW,6.472845953
2445,Q4   2022,RJ1,7.096896912
2446,Q4   2022,RJ2,8.990707911
2447,Q4   2022,RJ6,9.439422181
2448,Q4   2022,RJ7,9.215457256
2449,Q4   2022,RJC,7.399874844
2450,Q4   2022,RJE,7.521158285
2451,Q4   2022,RJL,7.060462046
2452,Q4   2022,RJN,11.06294256
2453,Q4   2022,RJR,9.493419721
2454,Q4   2022,RJZ,9.25757085
2455,Q4   2022,RK5,8.137905605
2456,Q4   2022,RK9,9.581341043
2457,Q4   2022,RKB,7.228759244
2458,Q4   2022,RKE,9.321236559
2459,Q4   2022,RL4,6.885872738
2460,Q4   2022,RLQ,8.362087048
2461,Q4   2022,RLT,8.313318156
2462,Q4   2022,RM1,8.455140271
2463,Q4   2022,RM3,9.061247738
2464,Q4   2022,RMC,8.547439614
2465,Q4   2022,RMP,8.195846414
2466,Q4   2022,RN3,7.728163736
2467,Q4   2022,RN5,8.063457089
2468,Q4   2022,RN7,8.589446589
2469,Q4   2022,RNA,7.749711649
2470,Q4   2022,RNN,9.838557465
2471,Q4   2022,RNQ,8.024558976
2472,Q4   2022,RNS,9.716453538
2473,Q4   2022,RNZ,9.862182741
2474,Q4   2022,RP5,8.021763602
2475,Q4   2022,RPA,8.69429324
2476,Q4   2022,RQM,7.473476545
2477,Q4   2022,RQW,8.437884109
2478,Q4   2022,RQX,7.273087819
2479,Q4   2022,RR7,8.686257563
2480,Q4   2022,RR8,9.737637455
2481,Q4   2022,RRF,7.636024182
2482,Q4   2022,RRK,7.793619837
2483,Q4   2022,RRV,8.013371236
2484,Q4   2022,RTD,7.917292651
2485,Q4   2022,RTE,8.031859296
2486,Q4   2022,RTF,6.769595949
2487,Q4   2022,RTG,7.679892729
2488,Q4   2022,RTH,7.053834434
2489,Q4   2022,RTK,6.86055298
2490,Q4   2022,RTP,9.49806618
2491,Q4   2022,RTR,8.153751914
2492,Q4   2022,RTX,9.396587384
2493,Q4   2022,RVJ,8.18404846
2494,Q4   2022,RVR,8.475
2495,Q4   2022,RVV,9.57685576
2496,Q4   2022,RVW,6.008145796
2497,Q4   2022,RVY,8.976681855
2498,Q4   2022,RWA,8.434814815
2499,Q4   2022,RWD,8.246010383
2500,Q4   2022,RWE,7.025871172
2501,Q4   2022,RWF,7.073706343
2502,Q4   2022,RWG,7.249234694
2503,Q4   2022,RWH,6.805316197
2504,Q4   2022,RWJ,8.707536558
2505,Q4   2022,RWP,7.26779509
2506,Q4   2022,RWW,9.180971259
2507,Q4   2022,RWY,6.829188234
2508,Q4   2022,RX1,8.077440465
2509,Q4   2022,RXC,10.3885822
2510,Q4   2022,RXF,7.773260649
2511,Q4   2022,RXK,6.474360407
2512,Q4   2022,RXL,9.920988655
2513,Q4   2022,RXN,9.175781694
2514,Q4   2022,RXP,7.071193284
2515,Q4   2022,RXQ,10.04275055
2516,Q4   2022,RXR,8.59914134
2517,Q4   2022,RXW,7.439518463
2518,Q4   2022,RYJ,8.04368231
2519,Q4   2022,RYR,9.657882408
